<?xml version="1.0" encoding="UTF-8" ?>
<!DOCTYPE sqlMap PUBLIC "-//ibatis.apache.org//DTD SQL Map 2.0//EN" "http://ibatis.apache.org/dtd/sql-map-2.dtd" >
<sqlMap namespace="T_METTING_RECEIVE_SqlMap" >
  <resultMap id="abatorgenerated_TMettingReceiveResult" class="com.gotop.mettingRec.model.TMettingReceive" >
    <!--Bean方式返回全表-->
    <result column="REC_ID" property="recId" jdbcType="DECIMAL" />
    <result column="METTING_ID" property="mettingId" jdbcType="DECIMAL" />
    <result column="REC_EMP" property="recEmp" jdbcType="DECIMAL" />
    <result column="STATUS" property="status" jdbcType="VARCHAR" />
    <result column="REC_DATE" property="recDate" jdbcType="VARCHAR" />
    <result column="REC_TIME" property="recTime" jdbcType="VARCHAR" />
  </resultMap>
  <resultMap id="abatorgenerated_TMettingReceive_HashMapResult" class="java.util.HashMap" >
    <!--HashMap方式返回全表-->
    <result column="REC_ID" property="recId" jdbcType="DECIMAL" />
    <result column="METTING_ID" property="mettingId" jdbcType="DECIMAL" />
    <result column="REC_EMP" property="recEmp" jdbcType="DECIMAL" />
    <result column="STATUS" property="status" jdbcType="VARCHAR" />
    <result column="REC_DATE" property="recDate" jdbcType="VARCHAR" />
    <result column="REC_TIME" property="recTime" jdbcType="VARCHAR" />
  </resultMap>
  <select id="abatorgenerated_selectByPrimaryKey" resultMap="abatorgenerated_TMettingReceiveResult" parameterClass="com.gotop.mettingRec.model.TMettingReceive" >
    <!--通过主键查询一条数据-->
    select REC_ID, METTING_ID, REC_EMP, STATUS, REC_DATE, REC_TIME
    from T_METTING_RECEIVE
    where REC_ID = #recId:DECIMAL#
  </select>
  <select id="abatorgenerated_selectByExample" resultMap="abatorgenerated_TMettingReceiveResult" parameterClass="com.gotop.mettingRec.model.TMettingReceiveExample" >
    <!--通过查询实体,查询满足条件的记录-->
    select REC_ID, METTING_ID, REC_EMP, STATUS, REC_DATE, REC_TIME
    from T_METTING_RECEIVE
    <isParameterPresent >
      <include refid="COMMON.abatorgenerated_Example_Where_Clause" />
      <isNotNull property="orderByClause" >
        order by $orderByClause$
      </isNotNull>
    </isParameterPresent>
  </select>
  <select id="abatorgenerated_expandEntityByTemplate" resultMap="abatorgenerated_TMettingReceiveResult" parameterClass="com.gotop.mettingRec.model.TMettingReceive" >
    <!--根据Bean数据模板查询条件查询所有记录，可查询分页数据-->
    select REC_ID, METTING_ID, REC_EMP, STATUS, REC_DATE, REC_TIME
    from T_METTING_RECEIVE where <![CDATA[ rownum<2 ]]>
    <dynamic >
      <isNotNull prepend="and" property="recId" >
        REC_ID = #recId:DECIMAL#
      </isNotNull>
      <isNotNull prepend="and" property="mettingId" >
        METTING_ID = #mettingId:DECIMAL#
      </isNotNull>
      <isNotNull prepend="and" property="recEmp" >
        REC_EMP = #recEmp:DECIMAL#
      </isNotNull>
      <isNotNull prepend="and" property="status" >
        STATUS = #status:VARCHAR#
      </isNotNull>
      <isNotNull prepend="and" property="recDate" >
        REC_DATE = #recDate:VARCHAR#
      </isNotNull>
      <isNotNull prepend="and" property="recTime" >
        REC_TIME = #recTime:VARCHAR#
      </isNotNull>
    </dynamic>
  </select>
  <select id="abatorgenerated_queryEntitiesByTemplate" resultMap="abatorgenerated_TMettingReceiveResult" parameterClass="com.gotop.mettingRec.model.TMettingReceive" >
    <!--根据Bean数据模板查询条件查询所有记录，可查询分页数据-->
    select REC_ID, METTING_ID, REC_EMP, STATUS, REC_DATE, REC_TIME
    from T_METTING_RECEIVE
    <dynamic prepend="where" >
      <isNotNull prepend="and" property="recId" >
        REC_ID = #recId:DECIMAL#
      </isNotNull>
      <isNotNull prepend="and" property="mettingId" >
        METTING_ID = #mettingId:DECIMAL#
      </isNotNull>
      <isNotNull prepend="and" property="recEmp" >
        REC_EMP = #recEmp:DECIMAL#
      </isNotNull>
      <isNotNull prepend="and" property="status" >
        STATUS = #status:VARCHAR#
      </isNotNull>
      <isNotNull prepend="and" property="recDate" >
        REC_DATE = #recDate:VARCHAR#
      </isNotNull>
      <isNotNull prepend="and" property="recTime" >
        REC_TIME = #recTime:VARCHAR#
      </isNotNull>
    </dynamic>
  </select>
  <delete id="abatorgenerated_deleteByPrimaryKey" parameterClass="com.gotop.mettingRec.model.TMettingReceive" >
    <!--
      WARNING - This element is automatically generated by Abator for iBATIS, do not modify.
      This element was generated on .
    -->
    <!--通过主键删除一条记录-->
    delete from T_METTING_RECEIVE
    where REC_ID = #recId:DECIMAL#
  </delete>
  <delete id="abatorgenerated_deleteByExample" parameterClass="com.gotop.mettingRec.model.TMettingReceiveExample" >
    <!--通过查询实例，删除满足条件的数据-->
    delete from T_METTING_RECEIVE
    <include refid="COMMON.abatorgenerated_Example_Where_Clause" />
  </delete>
  <delete id="abatorgenerated_deleteByTemplate" parameterClass="com.gotop.mettingRec.model.TMettingReceive" >
    <!--根据Bean数据模板查询条件删除记录-->
    delete from T_METTING_RECEIVE
    <dynamic prepend="where" >
      <isNotEmpty prepend="and" property="recId" >
        REC_ID = #recId:DECIMAL#
      </isNotEmpty>
      <isNotEmpty prepend="and" property="mettingId" >
        METTING_ID = #mettingId:DECIMAL#
      </isNotEmpty>
      <isNotEmpty prepend="and" property="recEmp" >
        REC_EMP = #recEmp:DECIMAL#
      </isNotEmpty>
      <isNotEmpty prepend="and" property="status" >
        STATUS = #status:VARCHAR#
      </isNotEmpty>
      <isNotEmpty prepend="and" property="recDate" >
        REC_DATE = #recDate:VARCHAR#
      </isNotEmpty>
      <isNotEmpty prepend="and" property="recTime" >
        REC_TIME = #recTime:VARCHAR#
      </isNotEmpty>
    </dynamic>
  </delete>
  <insert id="abatorgenerated_insert" parameterClass="com.gotop.mettingRec.model.TMettingReceive" >
   <selectKey resultClass="java.lang.Long" keyProperty="recId" >
      select T_METTING_RECEIVE_SEQ.nextval from dual
    </selectKey>
    <!--通过主键更新整条数据-->
    insert into T_METTING_RECEIVE (REC_ID, METTING_ID, REC_EMP, STATUS, REC_DATE, REC_TIME)
    values (#recId:DECIMAL:-9999#, #mettingId:DECIMAL:-9999#, #recEmp:DECIMAL:-9999#,
      #status:VARCHAR#, #recDate:VARCHAR#, #recTime:VARCHAR#)
  </insert>
  <update id="abatorgenerated_updateByPrimaryKey" parameterClass="com.gotop.mettingRec.model.TMettingReceive" >
    <!--通过主键更新一条全部字段内容-->
    update T_METTING_RECEIVE
    set METTING_ID = #mettingId:DECIMAL:-9999#,
      REC_EMP = #recEmp:DECIMAL:-9999#,
      STATUS = #status:VARCHAR#,
      REC_DATE = #recDate:VARCHAR#,
      REC_TIME = #recTime:VARCHAR#
    where REC_ID = #recId:DECIMAL#
  </update>
  <update id="abatorgenerated_updateByPrimaryKeySelective" parameterClass="com.gotop.mettingRec.model.TMettingReceive" >
    <!--通过主键更新部分字段，部分字段说明：当字段为null时不更新，当字段值为''空值是更新为空值-->
    update T_METTING_RECEIVE
    <dynamic prepend="set" >
      <isNotNull prepend="," property="mettingId" >
        METTING_ID = #mettingId:DECIMAL:-9999#
      </isNotNull>
      <isNotNull prepend="," property="recEmp" >
        REC_EMP = #recEmp:DECIMAL:-9999#
      </isNotNull>
      <isNotNull prepend="," property="status" >
        STATUS = #status:VARCHAR#
      </isNotNull>
      <isNotNull prepend="," property="recDate" >
        REC_DATE = #recDate:VARCHAR#
      </isNotNull>
      <isNotNull prepend="," property="recTime" >
        REC_TIME = #recTime:VARCHAR#
      </isNotNull>
    </dynamic>
    where REC_ID = #recId:DECIMAL#
  </update>
  <select id="abatorgenerated_countByExample" parameterClass="com.gotop.mettingRec.model.TMettingReceiveExample" resultClass="java.lang.Integer" >
    <!--通过查询实例，统计总数-->
    select count(*) from T_METTING_RECEIVE
    <include refid="COMMON.abatorgenerated_Example_Where_Clause" />
  </select>
  <select id="abatorgenerated_countByTemplate" parameterClass="com.gotop.mettingRec.model.TMettingReceive" resultClass="java.lang.Integer" >
    <!--通过查询Bean数据模板，统计总数-->
    select count(*) from T_METTING_RECEIVE
    <dynamic prepend="where" >
      <isNotNull prepend="and" property="recId" >
        REC_ID = #recId:DECIMAL#
      </isNotNull>
      <isNotNull prepend="and" property="mettingId" >
        METTING_ID = #mettingId:DECIMAL#
      </isNotNull>
      <isNotNull prepend="and" property="recEmp" >
        REC_EMP = #recEmp:DECIMAL#
      </isNotNull>
      <isNotNull prepend="and" property="status" >
        STATUS = #status:VARCHAR#
      </isNotNull>
      <isNotNull prepend="and" property="recDate" >
        REC_DATE = #recDate:VARCHAR#
      </isNotNull>
      <isNotNull prepend="and" property="recTime" >
        REC_TIME = #recTime:VARCHAR#
      </isNotNull>
    </dynamic>
  </select>
  <update id="abatorgenerated_updateByExampleSelective" >
    <!--通过查询实例，更新非null字段-->
    update T_METTING_RECEIVE
    <dynamic prepend="set" >
      <isNotNull prepend="," property="record.recId" >
        REC_ID = #record.recId:DECIMAL:-9999#
      </isNotNull>
      <isNotNull prepend="," property="record.mettingId" >
        METTING_ID = #record.mettingId:DECIMAL:-9999#
      </isNotNull>
      <isNotNull prepend="," property="record.recEmp" >
        REC_EMP = #record.recEmp:DECIMAL:-9999#
      </isNotNull>
      <isNotNull prepend="," property="record.status" >
        STATUS = #record.status:VARCHAR#
      </isNotNull>
      <isNotNull prepend="," property="record.recDate" >
        REC_DATE = #record.recDate:VARCHAR#
      </isNotNull>
      <isNotNull prepend="," property="record.recTime" >
        REC_TIME = #record.recTime:VARCHAR#
      </isNotNull>
    </dynamic>
    <isParameterPresent >
      <include refid="COMMON.abatorgenerated_Example_Where_Clause" />
    </isParameterPresent>
  </update>
  <update id="abatorgenerated_updateByExample" >
    <!--通过查询实例，更新全部字段-->
    update T_METTING_RECEIVE
    set REC_ID = #record.recId:DECIMAL:-9999#,
      METTING_ID = #record.mettingId:DECIMAL:-9999#,
      REC_EMP = #record.recEmp:DECIMAL:-9999#,
      STATUS = #record.status:VARCHAR#,
      REC_DATE = #record.recDate:VARCHAR#,
      REC_TIME = #record.recTime:VARCHAR#
    <isParameterPresent >
      <include refid="COMMON.abatorgenerated_Example_Where_Clause" />
    </isParameterPresent>
  </update>
  <update id="abatorgenerated_updateEntityByTemplate" >
    <!--根据Bean数据模板查询条件更新记录-->
    update T_METTING_RECEIVE
    <dynamic prepend="set" >
      <isNotEmpty prepend="," property="record.recId" >
        REC_ID = #record.recId:DECIMAL:-9999#
      </isNotEmpty>
      <isNotEmpty prepend="," property="record.mettingId" >
        METTING_ID = #record.mettingId:DECIMAL:-9999#
      </isNotEmpty>
      <isNotEmpty prepend="," property="record.recEmp" >
        REC_EMP = #record.recEmp:DECIMAL:-9999#
      </isNotEmpty>
      <isNotEmpty prepend="," property="record.status" >
        STATUS = #record.status:VARCHAR#
      </isNotEmpty>
      <isNotEmpty prepend="," property="record.recDate" >
        REC_DATE = #record.recDate:VARCHAR#
      </isNotEmpty>
      <isNotEmpty prepend="," property="record.recTime" >
        REC_TIME = #record.recTime:VARCHAR#
      </isNotEmpty>
    </dynamic>
    <dynamic prepend="where" >
      <isNotEmpty prepend="and" property="template.recId" >
        REC_ID = #recId:DECIMAL#
      </isNotEmpty>
      <isNotEmpty prepend="and" property="template.mettingId" >
        METTING_ID = #mettingId:DECIMAL#
      </isNotEmpty>
      <isNotEmpty prepend="and" property="template.recEmp" >
        REC_EMP = #recEmp:DECIMAL#
      </isNotEmpty>
      <isNotEmpty prepend="and" property="template.status" >
        STATUS = #status:VARCHAR#
      </isNotEmpty>
      <isNotEmpty prepend="and" property="template.recDate" >
        REC_DATE = #recDate:VARCHAR#
      </isNotEmpty>
      <isNotEmpty prepend="and" property="template.recTime" >
        REC_TIME = #recTime:VARCHAR#
      </isNotEmpty>
    </dynamic>
  </update>
  <select id="abatorgenerated_selectByMapAndPage" resultMap="abatorgenerated_TMettingReceive_HashMapResult" parameterClass="java.util.HashMap" >
    <!--通过Map方式的动态条件，查询分页数据-->
    select REC_ID, METTING_ID, REC_EMP, STATUS, REC_DATE, REC_TIME
    from T_METTING_RECEIVE
    <dynamic prepend="where" >
      <isNotNull prepend="and" property="recId" >
        REC_ID = #recId:DECIMAL#
      </isNotNull>
      <isNotNull prepend="and" property="mettingId" >
        METTING_ID = #mettingId:DECIMAL#
      </isNotNull>
      <isNotNull prepend="and" property="recEmp" >
        REC_EMP = #recEmp:DECIMAL#
      </isNotNull>
      <isNotNull prepend="and" property="status" >
        STATUS = #status:VARCHAR#
      </isNotNull>
      <isNotNull prepend="and" property="recDate" >
        REC_DATE = #recDate:VARCHAR#
      </isNotNull>
      <isNotNull prepend="and" property="recTime" >
        REC_TIME = #recTime:VARCHAR#
      </isNotNull>
    </dynamic>
  </select>
  <select id="abatorgenerated_selectByExampleAndPage" resultMap="abatorgenerated_TMettingReceiveResult" parameterClass="com.gotop.mettingRec.model.TMettingReceiveExample" >
    <!--通过Bean方式的动态条件，查询分页数据-->
    select REC_ID, METTING_ID, REC_EMP, STATUS, REC_DATE, REC_TIME
    from T_METTING_RECEIVE
    <isParameterPresent >
      <include refid="COMMON.abatorgenerated_Example_Where_Clause" />
    </isParameterPresent>
  </select>
  <update id="update_meet_receive_status" parameterClass="com.gotop.mettingApply.model.TMettingApply" >
    <!--通过主键更新一条全部字段内容-->
     update T_METTING_RECEIVE
    set 
      STATUS = '1',
      REC_DATE = to_char(sysdate,'yyyyMMdd'),
      REC_TIME = to_char(sysdate,'HHmmss')
    where METTING_ID = #mettingId:DECIMAL# and rec_emp = #empid#
  </update>
</sqlMap>