<?xml version="1.0" encoding="UTF-8" ?>
<!DOCTYPE struts PUBLIC "-//Apache Software Foundation//DTD Struts Configuration 2.0//EN" "http://struts.apache.org/dtds/struts-2.0.dtd" >
<struts >
  <package name="deviceManagement" namespace="/" extends="struts-default" >
    <action name="deviceManagementAction_*" class="deviceManagementAction" method="{1}" >
      <result name="deviceList" >
        /jsp/deviceManagement/deviceList.jsp
      </result>
      
      <result name="device" >
        /jsp/deviceManagement/device.jsp
      </result>
      
       <result name="exportExcel" >
        /jsp/deviceManagement/deviceList_exportExcel.jsp
      </result>
      
      <result name="exportExcel2" >
        /jsp/deviceManagement/detailList_exportExcel.jsp
      </result>
      
      <result name="detailList" >
        /jsp/deviceManagement/detailList.jsp
      </result>
      
      <result name="importExcel" >
        /jsp/deviceManagement/deviceList_importExcel.jsp
      </result>
    </action>
  </package>
</struts>