<?xml version="1.0" encoding="UTF-8" ?>
<!DOCTYPE sqlMap PUBLIC "-//ibatis.apache.org//DTD SQL Map 2.0//EN" "http://ibatis.apache.org/dtd/sql-map-2.dtd" >
<sqlMap namespace="T_MESSAGE_PUBLISH_SqlMap" >

<typeAlias alias="tmessagePublish" type="com.gotop.messagePublish.model.TMessagePublish"/>

  <select id="query_message_info" resultClass="tmessagePublish" parameterClass="tmessagePublish" >
    <!--通过主键查询一条数据-->
    select a.MESSAGE_ID    as messageId,
       a.FLOW_ID       as flowId,
       a.MESSAGE_TITLE as messageTitle,
       a.objName       as objName,
       a.MESSAGE_TYPE  as messageType,
       a.CONTENT,
       a.PUBLISH_TYPE  publishType,
       a.PUBLISH_RANGE as publishRange,
       a.OBJ_ORGCODE   as objOrgcode,
       a.ORGID         orgid,
       c.orgname       orgname,
       b.empname       createname,
       a.CREATE_EMPID  createEmpid,
       a.CREATE_DATE   createDate,
       a.CREATE_TIME   createTime
  from T_MESSAGE_PUBLISH a,om_employee b,om_organization c
    where (MESSAGE_ID = #messageId:DECIMAL#
    <isNotNull prepend="" property="flowId" >
       <isNotEmpty prepend="or" property="flowId">
        FLOW_ID=#flowId:varchar#
        </isNotEmpty>
        </isNotNull>
        ) and a.create_empid=b.empid and a.orgid = c.orgid
  </select>
  
  	<select id="T_MESSAGE_PUBLISH_seq" parameterClass="java.util.HashMap" resultClass="java.lang.Long">
    <![CDATA[
    select T_MESSAGE_PUBLISH_SEQ.nextval message_id from dual
    ]]>
    </select>
  
  <select id="query_message_publish_lists" resultClass="tmessagePublish" parameterClass="tmessagePublish" >
    WITH TMP AS(SELECT ORGCODE,ORGDEGREE
            FROM (SELECT * FROM om_organization)
           START WITH orgid =#orgid:varchar#
          CONNECT BY PRIOR  PARENTORGID=orgId)
 select * from (select distinct a.MESSAGE_ID as messageId,
                 a.FLOW_ID as flowId,
                 decode(b.type, '1', '是','否') as returnType,
                 a.MESSAGE_TITLE as messageTitle,
                 a.MESSAGE_TYPE as messageType,
                 a.CONTENT as content,
                 a.PUBLISH_TYPE as publishType,
                 a.PUBLISH_RANGE as publishRange,
                 a.ORGID as orgid,
                 a.CREATE_EMPID as createEmpid,
                 a.CREATE_DATE || ' ' || CREATE_TIME as createDate,
                 a.CREATE_TIME as createTime,
                 d.empname as nodeName1,
                 decode(c.rec_id, '', '未阅', '已阅') as statusName,
                 decode(c.rec_id, '', '0', '1') as status,
                 e.orgname objOrgcode
   FROM T_MESSAGE_RECEIVE B,
        T_MESSAGE_PUBLISH A,
        T_MESSAGE_RED_PER C,
        OM_EMPLOYEE       D,
        OM_ORGANIZATION e
  WHERE A.MESSAGE_ID = B.MESSAGE_ID
    AND B.MESSAGE_ID = C.MESSAGE_ID(+)
    AND A.CREATE_EMPID = D.EMPID
    AND A.ORGID=e.ORGID
    AND C.EMPID(+)=#empId#
    AND (
         (B.RECEIVE_OBJECT = #empId# AND A.PUBLISH_TYPE = '02' AND B.TYPE='0') 
       OR
         <!-- (B.RECEIVE_OBJECT IN (#roleId:varchar#) AND A.PUBLISH_TYPE = '03' AND B.TYPE='0') -->
         <!-- 2014.9.1 岗位发布 -->
         (B.RECEIVE_OBJECT IN (#publishRange:varchar#) AND A.PUBLISH_TYPE = '03' AND B.TYPE='0')
       OR
         ( A.PUBLISH_TYPE = '01'AND B.TYPE='0' AND exists (select orgcode from TMP WHERE ORGCODE=B.RECEIVE_OBJECT))
       OR(B.TYPE='1' AND B.RECEIVE_OBJECT=#empId#)
        )
       <![CDATA[
       and a.create_date> =TO_CHAR(d.REGDATE, 'yyyymmdd') 
       ]]>  
      <isNotNull prepend="" property="messageTitle" >
       <isNotEmpty prepend="and" property="messageTitle">
        a.MESSAGE_TITLE like '%$messageTitle$%'
        </isNotEmpty>
      </isNotNull>
      <isNotNull prepend="" property="messageType" >
       <isNotEmpty prepend="and" property="messageType">
        a.MESSAGE_TYPE = #messageType:VARCHAR#
        </isNotEmpty>
      </isNotNull>
      
       <isNotNull prepend="" property="createEmpid" >
       <isNotEmpty prepend="and" property="createEmpid">
        a.create_empid = #createEmpid:VARCHAR#
        </isNotEmpty>
      </isNotNull>
      
      <isNotNull prepend="" property="objName" >
       <isNotEmpty prepend="and" property="objName">
        a.orgid = #objName:VARCHAR#
        </isNotEmpty>
      </isNotNull>
      
      <isNotNull prepend="" property="publishType" >
       <isNotEmpty prepend="and" property="publishType">
        a.PUBLISH_TYPE = #publishType:VARCHAR#
        </isNotEmpty>
      </isNotNull>
      <isNotNull prepend="" property="publishRange" >
       <isNotEmpty prepend="and" property="publishRange">
          <isEqual prepend="" property="publishType" compareValue="01">
            a.PUBLISH_RANGE = #publishRange:VARCHAR#
          </isEqual>
          <isEqual prepend="" property="publishType" compareValue="02">
             B.RECEIVE_OBJECT = #empId# 
          </isEqual>
          <isEqual prepend="" property="publishType" compareValue="03">
          </isEqual>
        </isNotEmpty>
      </isNotNull>
      <isNotNull prepend="" property="objOrgcode" >
      <isNotEmpty prepend="and" property="objOrgcode">
        a.OBJ_ORGCODE = #objOrgcode:VARCHAR#
        </isNotEmpty>
      </isNotNull>
      <isNotNull prepend="" property="createDate" >
       <isNotEmpty prepend="and" property="createDate">
      <![CDATA[ 
        a.CREATE_DATE >= #createDate:VARCHAR#
          ]]>
          </isNotEmpty>
      </isNotNull>
      <isNotNull prepend="" property="createDate1" >
        <isNotEmpty prepend="and" property="createDate1">
      <![CDATA[ 
        a.CREATE_DATE <= #createDate1:VARCHAR#
          ]]>
          </isNotEmpty>
      </isNotNull>

  ) where 1=1
    <isNotNull prepend="" property="status" >
        <isNotEmpty prepend="and" property="status">
        status=#status# 
        </isNotEmpty>
        </isNotNull>
        order by status asc,messageId desc
  </select>
  
  <delete id="abatorgenerated_deleteByPrimaryKey" parameterClass="tmessagePublish" >
    <!--通过主键删除一条记录-->
    delete from T_MESSAGE_PUBLISH
    where MESSAGE_ID = #messageId:DECIMAL#
  </delete>
  
  
  
  <insert id="abatorgenerated_insert" parameterClass="tmessagePublish" >
    <!--通过主键更新整条数据         -->
     <selectKey resultClass="java.lang.Long" keyProperty="messageId" >
      select T_MESSAGE_PUBLISH_SEQ.nextval from dual
    </selectKey>
    insert into T_MESSAGE_PUBLISH (MESSAGE_ID, FLOW_ID, MESSAGE_TITLE, MESSAGE_TYPE, CONTENT,
      PUBLISH_TYPE, PUBLISH_RANGE, OBJ_ORGCODE, ORGID, CREATE_EMPID, CREATE_DATE, CREATE_TIME,objName,EXISTS_FILE)
    values (#messageId:DECIMAL:-9999#, #flowId:VARCHAR#, #messageTitle:VARCHAR#,
      #messageType:VARCHAR#, #content:VARCHAR#, #publishType:VARCHAR#, #publishRange:VARCHAR#,
      #objOrgcode:VARCHAR#, #orgid:VARCHAR#, #createEmpid:DECIMAL:-9999#,to_char(sysdate,'yyyyMMdd'),
      to_char(sysdate,'hh24:mi:ss'),#objName:VARCHAR#,#existsFile#)
  </insert>
  
  <update id="abatorgenerated_updateByPrimaryKey" parameterClass="tmessagePublish" >
    <!--通过主键更新一条全部字段内容-->
    update T_MESSAGE_PUBLISH
    set 
      MESSAGE_TITLE = #messageTitle:VARCHAR#,
      MESSAGE_TYPE = #messageType:VARCHAR#,
      CONTENT = #content:VARCHAR#,
      PUBLISH_TYPE = #publishType:VARCHAR#,
      PUBLISH_RANGE = #publishRange:VARCHAR#,
      OBJ_ORGCODE = #objOrgcode:VARCHAR#,
       <isNotNull prepend="" property="orgid" >
      ORGID = #orgid:VARCHAR#,
      </isNotNull>
      objName=#objName:VARCHAR#
       <isNotNull prepend="" property="existsFile" >
       <isNotEmpty prepend="," property="existsFile">
         EXISTS_FILE=#existsFile:VARCHAR#
       </isNotEmpty>
       </isNotNull>
      where MESSAGE_ID = #messageId:DECIMAL#
  </update>
  
  <update id="abatorgenerated_updateByPrimaryKeySelective" parameterClass="tmessagePublish" >
    <!--通过主键更新部分字段，部分字段说明：当字段为null时不更新，当字段值为''空值是更新为空值-->
    update T_MESSAGE_PUBLISH
    <dynamic prepend="set" >
      <isNotNull prepend="," property="flowId" >
        FLOW_ID = #flowId:VARCHAR#
      </isNotNull>
      <isNotNull prepend="," property="messageTitle" >
        MESSAGE_TITLE = #messageTitle:VARCHAR#
      </isNotNull>
      <isNotNull prepend="," property="messageType" >
        MESSAGE_TYPE = #messageType:VARCHAR#
      </isNotNull>
      <isNotNull prepend="," property="content" >
        CONTENT = #content:VARCHAR#
      </isNotNull>
      <isNotNull prepend="," property="publishType" >
        PUBLISH_TYPE = #publishType:VARCHAR#
      </isNotNull>
      <isNotNull prepend="," property="publishRange" >
        PUBLISH_RANGE = #publishRange:VARCHAR#
      </isNotNull>
      <isNotNull prepend="," property="objOrgcode" >
        OBJ_ORGCODE = #objOrgcode:VARCHAR#
      </isNotNull>
      <isNotNull prepend="," property="orgid" >
        ORGID = #orgid:VARCHAR#
      </isNotNull>
      <isNotNull prepend="," property="createEmpid" >
        CREATE_EMPID = #createEmpid:DECIMAL:-9999#
      </isNotNull>
      <isNotNull prepend="," property="createDate" >
        CREATE_DATE = #createDate:VARCHAR#
      </isNotNull>
      <isNotNull prepend="," property="createTime" >
        CREATE_TIME = #createTime:VARCHAR#
      </isNotNull>
    </dynamic>
    where MESSAGE_ID = #messageId:DECIMAL#
  </update>
  
  <insert id="tfileresource_insert" parameterClass="com.gotop.file.model.TFileResourceTable" >
    <!--通过主键更新整条数据-->
    <selectKey resultClass="long" keyProperty="fileId">
		SELECT T_FILE_RESOURCE_TABLE_SEQ.NEXTVAL AS VALUE FROM DUAL
		</selectKey>
    insert into T_FILE_RESOURCE_TABLE (FILE_ID, RESOURCE_ID, RESOURCE_TYPE, FILE_NAME, FILE_PATH,
      FILE_TYPE, NODE_ID, NODE_NAME, CREATOR, CREATE_DATE, CREATE_TIME,FILE_RE_NAME)
    values (#fileId:DECIMAL:-9999#, #resourceId:DECIMAL:-9999#, #resourceType:VARCHAR#,
      #fileName:VARCHAR#, #filePath:VARCHAR#, #fileType:VARCHAR#, #nodeId:VARCHAR#,
      #nodeName:VARCHAR#, #creator:DECIMAL:-9999#,to_char(sysdate,'yyyyMMdd'),
      to_char(sysdate,'hh24miss'),#fileReName:VARCHAR#)
  </insert>
  
   <select id="query_approve_opninions" resultClass="com.gotop.opinion.model.TApproveOpninion" parameterClass="java.util.HashMap" >
    <!--通过主键查询一条数据-->
  <!-- select a.REC_ID as recId, a.RESOURCE_ID as resourceId, a.RESOURCE_TYPE as resourceType, a.OPNINION_CONTENT as opninionContent,
   a.OPERATOR_TYPE as operatorType, a.OPERATOR as operator,next_opr_name as nextOprName,
      a.OPERATER_DATE as operaterDate, a.OPERATER_TIME as operaterTime, a.NODE_ID as nodeId, a.ORGID as orgid, a.NODE_NAME as nodeName,b.empname as empname
    from T_APPROVE_OPNINION a,om_employee b
    where 
       a.OPERATOR=b.empid and a.RESOURCE_ID = #resourceId:DECIMAL# and a.RESOURCE_TYPE=#resourceType#
        order by a.rec_id desc -->
        <!-- 20140902显示所属机构名称 -->
        select a.REC_ID as recId, a.RESOURCE_ID as resourceId, a.RESOURCE_TYPE as resourceType, a.OPNINION_CONTENT as opninionContent,
   a.OPERATOR_TYPE as operatorType, a.OPERATOR as operator,next_opr_name as nextOprName,next_org_name as nextOrgName,
     to_char(TO_DATE(a.OPERATER_DATE || a.OPERATER_TIME, 'yyyy/MM/dd hh24:mi:ss'),'yyyy-mm-dd hh24:mi:ss')  as operaterDate,a.OPERATER_TIME as operaterTime, a.NODE_ID as nodeId, a.ORGID as orgid,c.orgname, a.NODE_NAME as nodeName,b.empname as empname
    from T_APPROVE_OPNINION a,om_employee b,om_organization c
    where 
       a.OPERATOR=b.empid and a.RESOURCE_ID = #resourceId:DECIMAL# and a.RESOURCE_TYPE=#resourceType# and a.orgid = c.orgid
        order by a.rec_id desc
  </select>
  
  <insert id="insert_message_red_per" parameterClass="java.util.HashMap">
   <selectKey resultClass="java.lang.Long" keyProperty="recId" >
      select T_MESSAGE_RED_PER_SEQ.nextval from dual
    </selectKey>
  insert into T_MESSAGE_RED_PER(rec_id,message_id,empid)values(#recId:DECIMAL#,#messageId#,#empId#)
  </insert>
  <select id="querysupervise" resultClass="java.util.HashMap">
  	select a.empid,b.empname from om_empposition a,om_employee b where a.positionid=5  and a.empid = b.empid
  </select>
  <select id="queryOrgName" resultClass="java.util.HashMap" parameterClass="String">
  
  select b.orgname from om_emporg a,om_organization b where a.empid in($empIds$) and b.orgid = a.orgid
  </select>
    <select id="queryTmessagetRed" resultClass="java.lang.Long" parameterClass="java.util.HashMap">
     select count(1) cn from T_MESSAGE_RED_PER where message_id=#messageId# and empid=#empId#
    </select>
</sqlMap>