<?xml version="1.0" encoding="UTF-8" ?>
<!DOCTYPE sqlMap PUBLIC "-//ibatis.apache.org//DTD SQL Map 2.0//EN" "http://ibatis.apache.org/dtd/sql-map-2.dtd" >
<sqlMap namespace="JBPM4_HIST_ACTINST_SqlMap" >
  <resultMap id="abatorgenerated_Jbpm4HistActinstResult" class="com.gotop.jbpm.model.Jbpm4HistActinst" >
    <!--Bean方式返回全表-->
    <result column="DBID_" property="dbid" jdbcType="DECIMAL" />
    <result column="CLASS_" property="classType" jdbcType="VARCHAR" />
    <result column="DBVERSION_" property="dbversion" jdbcType="DECIMAL" />
    <result column="HPROCI_" property="hproci" jdbcType="DECIMAL" />
    <result column="TYPE_" property="type" jdbcType="VARCHAR" />
    <result column="EXECUTION_" property="execution" jdbcType="VARCHAR" />
    <result column="ACTIVITY_NAME_" property="activityName" jdbcType="VARCHAR" />
    <result column="START_" property="start" jdbcType="TIMESTAMP" />
    <result column="END_" property="end" jdbcType="TIMESTAMP" />
    <result column="DURATION_" property="duration" jdbcType="DECIMAL" />
    <result column="TRANSITION_" property="transition" jdbcType="VARCHAR" />
    <result column="NEXTIDX_" property="nextidx" jdbcType="DECIMAL" />
    <result column="HTASK_" property="htask" jdbcType="DECIMAL" />
  </resultMap>
  <resultMap id="abatorgenerated_Jbpm4HistActinst_HashMapResult" class="java.util.HashMap" >
    <!--HashMap方式返回全表-->
    <result column="DBID_" property="dbid" jdbcType="DECIMAL" />
    <result column="CLASS_" property="classType" jdbcType="VARCHAR" />
    <result column="DBVERSION_" property="dbversion" jdbcType="DECIMAL" />
    <result column="HPROCI_" property="hproci" jdbcType="DECIMAL" />
    <result column="TYPE_" property="type" jdbcType="VARCHAR" />
    <result column="EXECUTION_" property="execution" jdbcType="VARCHAR" />
    <result column="ACTIVITY_NAME_" property="activityName" jdbcType="VARCHAR" />
    <result column="START_" property="start" jdbcType="TIMESTAMP" />
    <result column="END_" property="end" jdbcType="TIMESTAMP" />
    <result column="DURATION_" property="duration" jdbcType="DECIMAL" />
    <result column="TRANSITION_" property="transition" jdbcType="VARCHAR" />
    <result column="NEXTIDX_" property="nextidx" jdbcType="DECIMAL" />
    <result column="HTASK_" property="htask" jdbcType="DECIMAL" />
  </resultMap>
  <select id="abatorgenerated_selectByPrimaryKey" resultMap="abatorgenerated_Jbpm4HistActinstResult" parameterClass="com.gotop.jbpm.model.Jbpm4HistActinst" >
    <!--通过主键查询一条数据-->
    select DBID_, CLASS_, DBVERSION_, HPROCI_, TYPE_, EXECUTION_, ACTIVITY_NAME_, START_, END_,
      DURATION_, TRANSITION_, NEXTIDX_, HTASK_
    from JBPM4_HIST_ACTINST
    where DBID_ = #dbid:DECIMAL#
  </select>
  <select id="abatorgenerated_selectByExample" resultMap="abatorgenerated_Jbpm4HistActinstResult" parameterClass="com.gotop.jbpm.model.Jbpm4HistActinstExample" >
    <!--通过查询实体,查询满足条件的记录-->
    select DBID_, CLASS_, DBVERSION_, HPROCI_, TYPE_, EXECUTION_, ACTIVITY_NAME_, START_, END_,
      DURATION_, TRANSITION_, NEXTIDX_, HTASK_
    from JBPM4_HIST_ACTINST
    <isParameterPresent >
      <include refid="COMMON.abatorgenerated_Example_Where_Clause" />
      <isNotNull property="orderByClause" >
        order by $orderByClause$
      </isNotNull>
    </isParameterPresent>
  </select>
  <select id="abatorgenerated_expandEntityByTemplate" resultMap="abatorgenerated_Jbpm4HistActinstResult" parameterClass="com.gotop.jbpm.model.Jbpm4HistActinst" >
    <!--根据Bean数据模板查询条件查询所有记录，可查询分页数据-->
    select DBID_, CLASS_, DBVERSION_, HPROCI_, TYPE_, EXECUTION_, ACTIVITY_NAME_, START_, END_,
      DURATION_, TRANSITION_, NEXTIDX_, HTASK_
    from JBPM4_HIST_ACTINST where <![CDATA[ rownum<2 ]]>
    <dynamic >
      <isNotNull prepend="and" property="dbid" >
        DBID_ = #dbid:DECIMAL#
      </isNotNull>
      <isNotNull prepend="and" property="classType" >
        CLASS_ = #classType:VARCHAR#
      </isNotNull>
      <isNotNull prepend="and" property="dbversion" >
        DBVERSION_ = #dbversion:DECIMAL#
      </isNotNull>
      <isNotNull prepend="and" property="hproci" >
        HPROCI_ = #hproci:DECIMAL#
      </isNotNull>
      <isNotNull prepend="and" property="type" >
        TYPE_ = #type:VARCHAR#
      </isNotNull>
      <isNotNull prepend="and" property="execution" >
        EXECUTION_ = #execution:VARCHAR#
      </isNotNull>
      <isNotNull prepend="and" property="activityName" >
        ACTIVITY_NAME_ = #activityName:VARCHAR#
      </isNotNull>
      <isNotNull prepend="and" property="start" >
        START_ = #start:TIMESTAMP#
      </isNotNull>
      <isNotNull prepend="and" property="end" >
        END_ = #end:TIMESTAMP#
      </isNotNull>
      <isNotNull prepend="and" property="duration" >
        DURATION_ = #duration:DECIMAL#
      </isNotNull>
      <isNotNull prepend="and" property="transition" >
        TRANSITION_ = #transition:VARCHAR#
      </isNotNull>
      <isNotNull prepend="and" property="nextidx" >
        NEXTIDX_ = #nextidx:DECIMAL#
      </isNotNull>
      <isNotNull prepend="and" property="htask" >
        HTASK_ = #htask:DECIMAL#
      </isNotNull>
    </dynamic>
  </select>
  <select id="abatorgenerated_queryEntitiesByTemplate" resultMap="abatorgenerated_Jbpm4HistActinstResult" parameterClass="com.gotop.jbpm.model.Jbpm4HistActinst" >
    <!--根据Bean数据模板查询条件查询所有记录，可查询分页数据-->
    select DBID_, CLASS_, DBVERSION_, HPROCI_, TYPE_, EXECUTION_, ACTIVITY_NAME_, START_, END_,
      DURATION_, TRANSITION_, NEXTIDX_, HTASK_
    from JBPM4_HIST_ACTINST
    <dynamic prepend="where" >
      <isNotNull prepend="and" property="dbid" >
        DBID_ = #dbid:DECIMAL#
      </isNotNull>
      <isNotNull prepend="and" property="classType" >
        CLASS_ = #classType:VARCHAR#
      </isNotNull>
      <isNotNull prepend="and" property="dbversion" >
        DBVERSION_ = #dbversion:DECIMAL#
      </isNotNull>
      <isNotNull prepend="and" property="hproci" >
        HPROCI_ = #hproci:DECIMAL#
      </isNotNull>
      <isNotNull prepend="and" property="type" >
        TYPE_ = #type:VARCHAR#
      </isNotNull>
      <isNotNull prepend="and" property="execution" >
        EXECUTION_ = #execution:VARCHAR#
      </isNotNull>
      <isNotNull prepend="and" property="activityName" >
        ACTIVITY_NAME_ = #activityName:VARCHAR#
      </isNotNull>
      <isNotNull prepend="and" property="start" >
        START_ = #start:TIMESTAMP#
      </isNotNull>
      <isNotNull prepend="and" property="end" >
        END_ = #end:TIMESTAMP#
      </isNotNull>
      <isNotNull prepend="and" property="duration" >
        DURATION_ = #duration:DECIMAL#
      </isNotNull>
      <isNotNull prepend="and" property="transition" >
        TRANSITION_ = #transition:VARCHAR#
      </isNotNull>
      <isNotNull prepend="and" property="nextidx" >
        NEXTIDX_ = #nextidx:DECIMAL#
      </isNotNull>
      <isNotNull prepend="and" property="htask" >
        HTASK_ = #htask:DECIMAL#
      </isNotNull>
    </dynamic>
  </select>
  <delete id="abatorgenerated_deleteByPrimaryKey" parameterClass="com.gotop.jbpm.model.Jbpm4HistActinst" >
    <!--
      WARNING - This element is automatically generated by Abator for iBATIS, do not modify.
      This element was generated on .
    -->
    <!--通过主键删除一条记录-->
    delete from JBPM4_HIST_ACTINST
    where DBID_ = #dbid:DECIMAL#
  </delete>
  <delete id="abatorgenerated_deleteByExample" parameterClass="com.gotop.jbpm.model.Jbpm4HistActinstExample" >
    <!--通过查询实例，删除满足条件的数据-->
    delete from JBPM4_HIST_ACTINST
    <include refid="COMMON.abatorgenerated_Example_Where_Clause" />
  </delete>
  <delete id="abatorgenerated_deleteByTemplate" parameterClass="com.gotop.jbpm.model.Jbpm4HistActinst" >
    <!--根据Bean数据模板查询条件删除记录-->
    delete from JBPM4_HIST_ACTINST
    <dynamic prepend="where" >
      <isNotEmpty prepend="and" property="dbid" >
        DBID_ = #dbid:DECIMAL#
      </isNotEmpty>
      <isNotEmpty prepend="and" property="classType" >
        CLASS_ = #classType:VARCHAR#
      </isNotEmpty>
      <isNotEmpty prepend="and" property="dbversion" >
        DBVERSION_ = #dbversion:DECIMAL#
      </isNotEmpty>
      <isNotEmpty prepend="and" property="hproci" >
        HPROCI_ = #hproci:DECIMAL#
      </isNotEmpty>
      <isNotEmpty prepend="and" property="type" >
        TYPE_ = #type:VARCHAR#
      </isNotEmpty>
      <isNotEmpty prepend="and" property="execution" >
        EXECUTION_ = #execution:VARCHAR#
      </isNotEmpty>
      <isNotEmpty prepend="and" property="activityName" >
        ACTIVITY_NAME_ = #activityName:VARCHAR#
      </isNotEmpty>
      <isNotEmpty prepend="and" property="start" >
        START_ = #start:TIMESTAMP#
      </isNotEmpty>
      <isNotEmpty prepend="and" property="end" >
        END_ = #end:TIMESTAMP#
      </isNotEmpty>
      <isNotEmpty prepend="and" property="duration" >
        DURATION_ = #duration:DECIMAL#
      </isNotEmpty>
      <isNotEmpty prepend="and" property="transition" >
        TRANSITION_ = #transition:VARCHAR#
      </isNotEmpty>
      <isNotEmpty prepend="and" property="nextidx" >
        NEXTIDX_ = #nextidx:DECIMAL#
      </isNotEmpty>
      <isNotEmpty prepend="and" property="htask" >
        HTASK_ = #htask:DECIMAL#
      </isNotEmpty>
    </dynamic>
  </delete>
  <insert id="abatorgenerated_insert" parameterClass="com.gotop.jbpm.model.Jbpm4HistActinst" >
    <!--通过主键更新整条数据-->
    insert into JBPM4_HIST_ACTINST (DBID_, CLASS_, DBVERSION_, HPROCI_, TYPE_, EXECUTION_,
      ACTIVITY_NAME_, START_, END_, DURATION_, TRANSITION_, NEXTIDX_, HTASK_)
    values (#dbid:DECIMAL:-9999#, #classType:VARCHAR#, #dbversion:DECIMAL:-9999#,
      #hproci:DECIMAL:-9999#, #type:VARCHAR#, #execution:VARCHAR#, #activityName:VARCHAR#,
      #start:TIMESTAMP#, #end:TIMESTAMP#, #duration:DECIMAL:-9999#, #transition:VARCHAR#,
      #nextidx:DECIMAL:-9999#, #htask:DECIMAL:-9999#)
  </insert>
  <update id="abatorgenerated_updateByPrimaryKey" parameterClass="com.gotop.jbpm.model.Jbpm4HistActinst" >
    <!--通过主键更新一条全部字段内容-->
    update JBPM4_HIST_ACTINST
    set CLASS_ = #classType:VARCHAR#,
      DBVERSION_ = #dbversion:DECIMAL:-9999#,
      HPROCI_ = #hproci:DECIMAL:-9999#,
      TYPE_ = #type:VARCHAR#,
      EXECUTION_ = #execution:VARCHAR#,
      ACTIVITY_NAME_ = #activityName:VARCHAR#,
      START_ = #start:TIMESTAMP#,
      END_ = #end:TIMESTAMP#,
      DURATION_ = #duration:DECIMAL:-9999#,
      TRANSITION_ = #transition:VARCHAR#,
      NEXTIDX_ = #nextidx:DECIMAL:-9999#,
      HTASK_ = #htask:DECIMAL:-9999#
    where DBID_ = #dbid:DECIMAL#
  </update>
  <update id="abatorgenerated_updateByPrimaryKeySelective" parameterClass="com.gotop.jbpm.model.Jbpm4HistActinst" >
    <!--通过主键更新部分字段，部分字段说明：当字段为null时不更新，当字段值为''空值是更新为空值-->
    update JBPM4_HIST_ACTINST
    <dynamic prepend="set" >
      <isNotNull prepend="," property="classType" >
        CLASS_ = #classType:VARCHAR#
      </isNotNull>
      <isNotNull prepend="," property="dbversion" >
        DBVERSION_ = #dbversion:DECIMAL:-9999#
      </isNotNull>
      <isNotNull prepend="," property="hproci" >
        HPROCI_ = #hproci:DECIMAL:-9999#
      </isNotNull>
      <isNotNull prepend="," property="type" >
        TYPE_ = #type:VARCHAR#
      </isNotNull>
      <isNotNull prepend="," property="execution" >
        EXECUTION_ = #execution:VARCHAR#
      </isNotNull>
      <isNotNull prepend="," property="activityName" >
        ACTIVITY_NAME_ = #activityName:VARCHAR#
      </isNotNull>
      <isNotNull prepend="," property="start" >
        START_ = #start:TIMESTAMP#
      </isNotNull>
      <isNotNull prepend="," property="end" >
        END_ = #end:TIMESTAMP#
      </isNotNull>
      <isNotNull prepend="," property="duration" >
        DURATION_ = #duration:DECIMAL:-9999#
      </isNotNull>
      <isNotNull prepend="," property="transition" >
        TRANSITION_ = #transition:VARCHAR#
      </isNotNull>
      <isNotNull prepend="," property="nextidx" >
        NEXTIDX_ = #nextidx:DECIMAL:-9999#
      </isNotNull>
      <isNotNull prepend="," property="htask" >
        HTASK_ = #htask:DECIMAL:-9999#
      </isNotNull>
    </dynamic>
    where DBID_ = #dbid:DECIMAL#
  </update>
  <select id="abatorgenerated_countByExample" parameterClass="com.gotop.jbpm.model.Jbpm4HistActinstExample" resultClass="java.lang.Integer" >
    <!--通过查询实例，统计总数-->
    select count(*) from JBPM4_HIST_ACTINST
    <include refid="COMMON.abatorgenerated_Example_Where_Clause" />
  </select>
  <select id="abatorgenerated_countByTemplate" parameterClass="com.gotop.jbpm.model.Jbpm4HistActinst" resultClass="java.lang.Integer" >
    <!--通过查询Bean数据模板，统计总数-->
    select count(*) from JBPM4_HIST_ACTINST
    <dynamic prepend="where" >
      <isNotNull prepend="and" property="dbid" >
        DBID_ = #dbid:DECIMAL#
      </isNotNull>
      <isNotNull prepend="and" property="classType" >
        CLASS_ = #classType:VARCHAR#
      </isNotNull>
      <isNotNull prepend="and" property="dbversion" >
        DBVERSION_ = #dbversion:DECIMAL#
      </isNotNull>
      <isNotNull prepend="and" property="hproci" >
        HPROCI_ = #hproci:DECIMAL#
      </isNotNull>
      <isNotNull prepend="and" property="type" >
        TYPE_ = #type:VARCHAR#
      </isNotNull>
      <isNotNull prepend="and" property="execution" >
        EXECUTION_ = #execution:VARCHAR#
      </isNotNull>
      <isNotNull prepend="and" property="activityName" >
        ACTIVITY_NAME_ = #activityName:VARCHAR#
      </isNotNull>
      <isNotNull prepend="and" property="start" >
        START_ = #start:TIMESTAMP#
      </isNotNull>
      <isNotNull prepend="and" property="end" >
        END_ = #end:TIMESTAMP#
      </isNotNull>
      <isNotNull prepend="and" property="duration" >
        DURATION_ = #duration:DECIMAL#
      </isNotNull>
      <isNotNull prepend="and" property="transition" >
        TRANSITION_ = #transition:VARCHAR#
      </isNotNull>
      <isNotNull prepend="and" property="nextidx" >
        NEXTIDX_ = #nextidx:DECIMAL#
      </isNotNull>
      <isNotNull prepend="and" property="htask" >
        HTASK_ = #htask:DECIMAL#
      </isNotNull>
    </dynamic>
  </select>
  <update id="abatorgenerated_updateByExampleSelective" >
    <!--通过查询实例，更新非null字段-->
    update JBPM4_HIST_ACTINST
    <dynamic prepend="set" >
      <isNotNull prepend="," property="record.dbid" >
        DBID_ = #record.dbid:DECIMAL:-9999#
      </isNotNull>
      <isNotNull prepend="," property="record.class" >
        CLASS_ = #record.classType:VARCHAR#
      </isNotNull>
      <isNotNull prepend="," property="record.dbversion" >
        DBVERSION_ = #record.dbversion:DECIMAL:-9999#
      </isNotNull>
      <isNotNull prepend="," property="record.hproci" >
        HPROCI_ = #record.hproci:DECIMAL:-9999#
      </isNotNull>
      <isNotNull prepend="," property="record.type" >
        TYPE_ = #record.type:VARCHAR#
      </isNotNull>
      <isNotNull prepend="," property="record.execution" >
        EXECUTION_ = #record.execution:VARCHAR#
      </isNotNull>
      <isNotNull prepend="," property="record.activityName" >
        ACTIVITY_NAME_ = #record.activityName:VARCHAR#
      </isNotNull>
      <isNotNull prepend="," property="record.start" >
        START_ = #record.start:TIMESTAMP#
      </isNotNull>
      <isNotNull prepend="," property="record.end" >
        END_ = #record.end:TIMESTAMP#
      </isNotNull>
      <isNotNull prepend="," property="record.duration" >
        DURATION_ = #record.duration:DECIMAL:-9999#
      </isNotNull>
      <isNotNull prepend="," property="record.transition" >
        TRANSITION_ = #record.transition:VARCHAR#
      </isNotNull>
      <isNotNull prepend="," property="record.nextidx" >
        NEXTIDX_ = #record.nextidx:DECIMAL:-9999#
      </isNotNull>
      <isNotNull prepend="," property="record.htask" >
        HTASK_ = #record.htask:DECIMAL:-9999#
      </isNotNull>
    </dynamic>
    <isParameterPresent >
      <include refid="COMMON.abatorgenerated_Example_Where_Clause" />
    </isParameterPresent>
  </update>
  <update id="abatorgenerated_updateByExample" >
    <!--通过查询实例，更新全部字段-->
    update JBPM4_HIST_ACTINST
    set DBID_ = #record.dbid:DECIMAL:-9999#,
      CLASS_ = #record.classType:VARCHAR#,
      DBVERSION_ = #record.dbversion:DECIMAL:-9999#,
      HPROCI_ = #record.hproci:DECIMAL:-9999#,
      TYPE_ = #record.type:VARCHAR#,
      EXECUTION_ = #record.execution:VARCHAR#,
      ACTIVITY_NAME_ = #record.activityName:VARCHAR#,
      START_ = #record.start:TIMESTAMP#,
      END_ = #record.end:TIMESTAMP#,
      DURATION_ = #record.duration:DECIMAL:-9999#,
      TRANSITION_ = #record.transition:VARCHAR#,
      NEXTIDX_ = #record.nextidx:DECIMAL:-9999#,
      HTASK_ = #record.htask:DECIMAL:-9999#
    <isParameterPresent >
      <include refid="COMMON.abatorgenerated_Example_Where_Clause" />
    </isParameterPresent>
  </update>
  <update id="abatorgenerated_updateEntityByTemplate" >
    <!--根据Bean数据模板查询条件更新记录-->
    update JBPM4_HIST_ACTINST
    <dynamic prepend="set" >
      <isNotEmpty prepend="," property="record.dbid" >
        DBID_ = #record.dbid:DECIMAL:-9999#
      </isNotEmpty>
      <isNotEmpty prepend="," property="record.class" >
        CLASS_ = #record.classType:VARCHAR#
      </isNotEmpty>
      <isNotEmpty prepend="," property="record.dbversion" >
        DBVERSION_ = #record.dbversion:DECIMAL:-9999#
      </isNotEmpty>
      <isNotEmpty prepend="," property="record.hproci" >
        HPROCI_ = #record.hproci:DECIMAL:-9999#
      </isNotEmpty>
      <isNotEmpty prepend="," property="record.type" >
        TYPE_ = #record.type:VARCHAR#
      </isNotEmpty>
      <isNotEmpty prepend="," property="record.execution" >
        EXECUTION_ = #record.execution:VARCHAR#
      </isNotEmpty>
      <isNotEmpty prepend="," property="record.activityName" >
        ACTIVITY_NAME_ = #record.activityName:VARCHAR#
      </isNotEmpty>
      <isNotEmpty prepend="," property="record.start" >
        START_ = #record.start:TIMESTAMP#
      </isNotEmpty>
      <isNotEmpty prepend="," property="record.end" >
        END_ = #record.end:TIMESTAMP#
      </isNotEmpty>
      <isNotEmpty prepend="," property="record.duration" >
        DURATION_ = #record.duration:DECIMAL:-9999#
      </isNotEmpty>
      <isNotEmpty prepend="," property="record.transition" >
        TRANSITION_ = #record.transition:VARCHAR#
      </isNotEmpty>
      <isNotEmpty prepend="," property="record.nextidx" >
        NEXTIDX_ = #record.nextidx:DECIMAL:-9999#
      </isNotEmpty>
      <isNotEmpty prepend="," property="record.htask" >
        HTASK_ = #record.htask:DECIMAL:-9999#
      </isNotEmpty>
    </dynamic>
    <dynamic prepend="where" >
      <isNotEmpty prepend="and" property="template.dbid" >
        DBID_ = #template.dbid:DECIMAL#
      </isNotEmpty>
      <isNotEmpty prepend="and" property="template.class" >
        CLASS_ = #template.classType:VARCHAR#
      </isNotEmpty>
      <isNotEmpty prepend="and" property="template.dbversion" >
        DBVERSION_ = #template.dbversion:DECIMAL#
      </isNotEmpty>
      <isNotEmpty prepend="and" property="template.hproci" >
        HPROCI_ = #template.hproci:DECIMAL#
      </isNotEmpty>
      <isNotEmpty prepend="and" property="template.type" >
        TYPE_ = #template.type:VARCHAR#
      </isNotEmpty>
      <isNotEmpty prepend="and" property="template.execution" >
        EXECUTION_ = #template.execution:VARCHAR#
      </isNotEmpty>
      <isNotEmpty prepend="and" property="template.activityName" >
        ACTIVITY_NAME_ = #template.activityName:VARCHAR#
      </isNotEmpty>
      <isNotEmpty prepend="and" property="template.start" >
        START_ = #template.start:TIMESTAMP#
      </isNotEmpty>
      <isNotEmpty prepend="and" property="template.end" >
        END_ = #template.end:TIMESTAMP#
      </isNotEmpty>
      <isNotEmpty prepend="and" property="template.duration" >
        DURATION_ = #template.duration:DECIMAL#
      </isNotEmpty>
      <isNotEmpty prepend="and" property="template.transition" >
        TRANSITION_ = #template.transition:VARCHAR#
      </isNotEmpty>
      <isNotEmpty prepend="and" property="template.nextidx" >
        NEXTIDX_ = #template.nextidx:DECIMAL#
      </isNotEmpty>
      <isNotEmpty prepend="and" property="template.htask" >
        HTASK_ = #template.htask:DECIMAL#
      </isNotEmpty>
    </dynamic>
  </update>
  <select id="abatorgenerated_selectByMapAndPage" resultMap="abatorgenerated_Jbpm4HistActinst_HashMapResult" parameterClass="java.util.HashMap" >
    <!--通过Map方式的动态条件，查询分页数据-->
    select DBID_, CLASS_, DBVERSION_, HPROCI_, TYPE_, EXECUTION_, ACTIVITY_NAME_, START_, END_,
      DURATION_, TRANSITION_, NEXTIDX_, HTASK_
    from JBPM4_HIST_ACTINST
    <dynamic prepend="where" >
      <isNotNull prepend="and" property="dbid" >
        DBID_ = #dbid:DECIMAL#
      </isNotNull>
      <isNotNull prepend="and" property="classType" >
        CLASS_ = #classType:VARCHAR#
      </isNotNull>
      <isNotNull prepend="and" property="dbversion" >
        DBVERSION_ = #dbversion:DECIMAL#
      </isNotNull>
      <isNotNull prepend="and" property="hproci" >
        HPROCI_ = #hproci:DECIMAL#
      </isNotNull>
      <isNotNull prepend="and" property="type" >
        TYPE_ = #type:VARCHAR#
      </isNotNull>
      <isNotNull prepend="and" property="execution" >
        EXECUTION_ = #execution:VARCHAR#
      </isNotNull>
      <isNotNull prepend="and" property="activityName" >
        ACTIVITY_NAME_ = #activityName:VARCHAR#
      </isNotNull>
      <isNotNull prepend="and" property="start" >
        START_ = #start:TIMESTAMP#
      </isNotNull>
      <isNotNull prepend="and" property="end" >
        END_ = #end:TIMESTAMP#
      </isNotNull>
      <isNotNull prepend="and" property="duration" >
        DURATION_ = #duration:DECIMAL#
      </isNotNull>
      <isNotNull prepend="and" property="transition" >
        TRANSITION_ = #transition:VARCHAR#
      </isNotNull>
      <isNotNull prepend="and" property="nextidx" >
        NEXTIDX_ = #nextidx:DECIMAL#
      </isNotNull>
      <isNotNull prepend="and" property="htask" >
        HTASK_ = #htask:DECIMAL#
      </isNotNull>
    </dynamic>
  </select>
  <select id="abatorgenerated_selectByExampleAndPage" resultMap="abatorgenerated_Jbpm4HistActinstResult" parameterClass="com.gotop.jbpm.model.Jbpm4HistActinstExample" >
    <!--通过Bean方式的动态条件，查询分页数据-->
    select DBID_, CLASS_, DBVERSION_, HPROCI_, TYPE_, EXECUTION_, ACTIVITY_NAME_, START_, END_,
      DURATION_, TRANSITION_, NEXTIDX_, HTASK_
    from JBPM4_HIST_ACTINST
    <isParameterPresent >
      <include refid="COMMON.abatorgenerated_Example_Where_Clause" />
    </isParameterPresent>
  </select>
</sqlMap>