<?xml version="1.0" encoding="UTF-8" ?>
<!DOCTYPE sqlMap PUBLIC "-//ibatis.apache.org//DTD SQL Map 2.0//EN" "http://ibatis.apache.org/dtd/sql-map-2.dtd" >
<sqlMap namespace="JBPM4_EXECUTION_SqlMap" >
  <resultMap id="abatorgenerated_Jbpm4ExecutionResult" class="com.gotop.jbpm.model.Jbpm4Execution" >
    <!--Bean方式返回全表-->
    <result column="DBID_" property="dbid" jdbcType="DECIMAL" />
    <result column="CLASS_" property="classType" jdbcType="VARCHAR" />
    <result column="DBVERSION_" property="dbversion" jdbcType="DECIMAL" />
    <result column="ACTIVITYNAME_" property="activityname" jdbcType="VARCHAR" />
    <result column="PROCDEFID_" property="procdefid" jdbcType="VARCHAR" />
    <result column="HASVARS_" property="hasvars" jdbcType="DECIMAL" />
    <result column="NAME_" property="name" jdbcType="VARCHAR" />
    <result column="KEY_" property="key" jdbcType="VARCHAR" />
    <result column="ID_" property="id" jdbcType="VARCHAR" />
    <result column="STATE_" property="state" jdbcType="VARCHAR" />
    <result column="SUSPHISTSTATE_" property="susphiststate" jdbcType="VARCHAR" />
    <result column="PRIORITY_" property="priority" jdbcType="DECIMAL" />
    <result column="HISACTINST_" property="hisactinst" jdbcType="DECIMAL" />
    <result column="PARENT_" property="parent" jdbcType="DECIMAL" />
    <result column="INSTANCE_" property="instance" jdbcType="DECIMAL" />
    <result column="SUPEREXEC_" property="superexec" jdbcType="DECIMAL" />
    <result column="SUBPROCINST_" property="subprocinst" jdbcType="DECIMAL" />
    <result column="PARENT_IDX_" property="parentIdx" jdbcType="DECIMAL" />
  </resultMap>
  <resultMap id="abatorgenerated_Jbpm4Execution_HashMapResult" class="java.util.HashMap" >
    <!--HashMap方式返回全表-->
    <result column="DBID_" property="dbid" jdbcType="DECIMAL" />
    <result column="CLASS_" property="classType" jdbcType="VARCHAR" />
    <result column="DBVERSION_" property="dbversion" jdbcType="DECIMAL" />
    <result column="ACTIVITYNAME_" property="activityname" jdbcType="VARCHAR" />
    <result column="PROCDEFID_" property="procdefid" jdbcType="VARCHAR" />
    <result column="HASVARS_" property="hasvars" jdbcType="DECIMAL" />
    <result column="NAME_" property="name" jdbcType="VARCHAR" />
    <result column="KEY_" property="key" jdbcType="VARCHAR" />
    <result column="ID_" property="id" jdbcType="VARCHAR" />
    <result column="STATE_" property="state" jdbcType="VARCHAR" />
    <result column="SUSPHISTSTATE_" property="susphiststate" jdbcType="VARCHAR" />
    <result column="PRIORITY_" property="priority" jdbcType="DECIMAL" />
    <result column="HISACTINST_" property="hisactinst" jdbcType="DECIMAL" />
    <result column="PARENT_" property="parent" jdbcType="DECIMAL" />
    <result column="INSTANCE_" property="instance" jdbcType="DECIMAL" />
    <result column="SUPEREXEC_" property="superexec" jdbcType="DECIMAL" />
    <result column="SUBPROCINST_" property="subprocinst" jdbcType="DECIMAL" />
    <result column="PARENT_IDX_" property="parentIdx" jdbcType="DECIMAL" />
  </resultMap>
  <select id="abatorgenerated_selectByPrimaryKey" resultMap="abatorgenerated_Jbpm4ExecutionResult" parameterClass="com.gotop.jbpm.model.Jbpm4Execution" >
    <!--通过主键查询一条数据-->
    select DBID_, CLASS_, DBVERSION_, ACTIVITYNAME_, PROCDEFID_, HASVARS_, NAME_, KEY_, ID_, STATE_,
      SUSPHISTSTATE_, PRIORITY_, HISACTINST_, PARENT_, INSTANCE_, SUPEREXEC_, SUBPROCINST_,
      PARENT_IDX_
    from JBPM4_EXECUTION
    where DBID_ = #dbid:DECIMAL#
  </select>
  <select id="abatorgenerated_selectByExample" resultMap="abatorgenerated_Jbpm4ExecutionResult" parameterClass="com.gotop.jbpm.model.Jbpm4ExecutionExample" >
    <!--通过查询实体,查询满足条件的记录-->
    select DBID_, CLASS_, DBVERSION_, ACTIVITYNAME_, PROCDEFID_, HASVARS_, NAME_, KEY_, ID_, STATE_,
      SUSPHISTSTATE_, PRIORITY_, HISACTINST_, PARENT_, INSTANCE_, SUPEREXEC_, SUBPROCINST_,
      PARENT_IDX_
    from JBPM4_EXECUTION
    <isParameterPresent >
      <include refid="COMMON.abatorgenerated_Example_Where_Clause" />
      <isNotNull property="orderByClause" >
        order by $orderByClause$
      </isNotNull>
    </isParameterPresent>
  </select>
  <select id="abatorgenerated_expandEntityByTemplate" resultMap="abatorgenerated_Jbpm4ExecutionResult" parameterClass="com.gotop.jbpm.model.Jbpm4Execution" >
    <!--根据Bean数据模板查询条件查询所有记录，可查询分页数据-->
    select DBID_, CLASS_, DBVERSION_, ACTIVITYNAME_, PROCDEFID_, HASVARS_, NAME_, KEY_, ID_, STATE_,
      SUSPHISTSTATE_, PRIORITY_, HISACTINST_, PARENT_, INSTANCE_, SUPEREXEC_, SUBPROCINST_,
      PARENT_IDX_
    from JBPM4_EXECUTION where <![CDATA[ rownum<2 ]]>
    <dynamic >
      <isNotNull prepend="and" property="dbid" >
        DBID_ = #dbid:DECIMAL#
      </isNotNull>
      <isNotNull prepend="and" property="classType" >
        CLASS_ = #classType:VARCHAR#
      </isNotNull>
      <isNotNull prepend="and" property="dbversion" >
        DBVERSION_ = #dbversion:DECIMAL#
      </isNotNull>
      <isNotNull prepend="and" property="activityname" >
        ACTIVITYNAME_ = #activityname:VARCHAR#
      </isNotNull>
      <isNotNull prepend="and" property="procdefid" >
        PROCDEFID_ = #procdefid:VARCHAR#
      </isNotNull>
      <isNotNull prepend="and" property="hasvars" >
        HASVARS_ = #hasvars:DECIMAL#
      </isNotNull>
      <isNotNull prepend="and" property="name" >
        NAME_ = #name:VARCHAR#
      </isNotNull>
      <isNotNull prepend="and" property="key" >
        KEY_ = #key:VARCHAR#
      </isNotNull>
      <isNotNull prepend="and" property="id" >
        ID_ = #id:VARCHAR#
      </isNotNull>
      <isNotNull prepend="and" property="state" >
        STATE_ = #state:VARCHAR#
      </isNotNull>
      <isNotNull prepend="and" property="susphiststate" >
        SUSPHISTSTATE_ = #susphiststate:VARCHAR#
      </isNotNull>
      <isNotNull prepend="and" property="priority" >
        PRIORITY_ = #priority:DECIMAL#
      </isNotNull>
      <isNotNull prepend="and" property="hisactinst" >
        HISACTINST_ = #hisactinst:DECIMAL#
      </isNotNull>
      <isNotNull prepend="and" property="parent" >
        PARENT_ = #parent:DECIMAL#
      </isNotNull>
      <isNotNull prepend="and" property="instance" >
        INSTANCE_ = #instance:DECIMAL#
      </isNotNull>
      <isNotNull prepend="and" property="superexec" >
        SUPEREXEC_ = #superexec:DECIMAL#
      </isNotNull>
      <isNotNull prepend="and" property="subprocinst" >
        SUBPROCINST_ = #subprocinst:DECIMAL#
      </isNotNull>
      <isNotNull prepend="and" property="parentIdx" >
        PARENT_IDX_ = #parentIdx:DECIMAL#
      </isNotNull>
    </dynamic>
  </select>
  <select id="abatorgenerated_queryEntitiesByTemplate" resultMap="abatorgenerated_Jbpm4ExecutionResult" parameterClass="com.gotop.jbpm.model.Jbpm4Execution" >
    <!--根据Bean数据模板查询条件查询所有记录，可查询分页数据-->
    select DBID_, CLASS_, DBVERSION_, ACTIVITYNAME_, PROCDEFID_, HASVARS_, NAME_, KEY_, ID_, STATE_,
      SUSPHISTSTATE_, PRIORITY_, HISACTINST_, PARENT_, INSTANCE_, SUPEREXEC_, SUBPROCINST_,
      PARENT_IDX_
    from JBPM4_EXECUTION
    <dynamic prepend="where" >
      <isNotNull prepend="and" property="dbid" >
        DBID_ = #dbid:DECIMAL#
      </isNotNull>
      <isNotNull prepend="and" property="classType" >
        CLASS_ = #classType:VARCHAR#
      </isNotNull>
      <isNotNull prepend="and" property="dbversion" >
        DBVERSION_ = #dbversion:DECIMAL#
      </isNotNull>
      <isNotNull prepend="and" property="activityname" >
        ACTIVITYNAME_ = #activityname:VARCHAR#
      </isNotNull>
      <isNotNull prepend="and" property="procdefid" >
        PROCDEFID_ = #procdefid:VARCHAR#
      </isNotNull>
      <isNotNull prepend="and" property="hasvars" >
        HASVARS_ = #hasvars:DECIMAL#
      </isNotNull>
      <isNotNull prepend="and" property="name" >
        NAME_ = #name:VARCHAR#
      </isNotNull>
      <isNotNull prepend="and" property="key" >
        KEY_ = #key:VARCHAR#
      </isNotNull>
      <isNotNull prepend="and" property="id" >
        ID_ = #id:VARCHAR#
      </isNotNull>
      <isNotNull prepend="and" property="state" >
        STATE_ = #state:VARCHAR#
      </isNotNull>
      <isNotNull prepend="and" property="susphiststate" >
        SUSPHISTSTATE_ = #susphiststate:VARCHAR#
      </isNotNull>
      <isNotNull prepend="and" property="priority" >
        PRIORITY_ = #priority:DECIMAL#
      </isNotNull>
      <isNotNull prepend="and" property="hisactinst" >
        HISACTINST_ = #hisactinst:DECIMAL#
      </isNotNull>
      <isNotNull prepend="and" property="parent" >
        PARENT_ = #parent:DECIMAL#
      </isNotNull>
      <isNotNull prepend="and" property="instance" >
        INSTANCE_ = #instance:DECIMAL#
      </isNotNull>
      <isNotNull prepend="and" property="superexec" >
        SUPEREXEC_ = #superexec:DECIMAL#
      </isNotNull>
      <isNotNull prepend="and" property="subprocinst" >
        SUBPROCINST_ = #subprocinst:DECIMAL#
      </isNotNull>
      <isNotNull prepend="and" property="parentIdx" >
        PARENT_IDX_ = #parentIdx:DECIMAL#
      </isNotNull>
    </dynamic>
  </select>
  <delete id="abatorgenerated_deleteByPrimaryKey" parameterClass="com.gotop.jbpm.model.Jbpm4Execution" >
    <!--
      WARNING - This element is automatically generated by Abator for iBATIS, do not modify.
      This element was generated on .
    -->
    <!--通过主键删除一条记录-->
    delete from JBPM4_EXECUTION
    where DBID_ = #dbid:DECIMAL#
  </delete>
  <delete id="abatorgenerated_deleteByExample" parameterClass="com.gotop.jbpm.model.Jbpm4ExecutionExample" >
    <!--通过查询实例，删除满足条件的数据-->
    delete from JBPM4_EXECUTION
    <include refid="COMMON.abatorgenerated_Example_Where_Clause" />
  </delete>
  <delete id="abatorgenerated_deleteByTemplate" parameterClass="com.gotop.jbpm.model.Jbpm4Execution" >
    <!--根据Bean数据模板查询条件删除记录-->
    delete from JBPM4_EXECUTION
    <dynamic prepend="where" >
      <isNotEmpty prepend="and" property="dbid" >
        DBID_ = #dbid:DECIMAL#
      </isNotEmpty>
      <isNotEmpty prepend="and" property="classType" >
        CLASS_ = #classType:VARCHAR#
      </isNotEmpty>
      <isNotEmpty prepend="and" property="dbversion" >
        DBVERSION_ = #dbversion:DECIMAL#
      </isNotEmpty>
      <isNotEmpty prepend="and" property="activityname" >
        ACTIVITYNAME_ = #activityname:VARCHAR#
      </isNotEmpty>
      <isNotEmpty prepend="and" property="procdefid" >
        PROCDEFID_ = #procdefid:VARCHAR#
      </isNotEmpty>
      <isNotEmpty prepend="and" property="hasvars" >
        HASVARS_ = #hasvars:DECIMAL#
      </isNotEmpty>
      <isNotEmpty prepend="and" property="name" >
        NAME_ = #name:VARCHAR#
      </isNotEmpty>
      <isNotEmpty prepend="and" property="key" >
        KEY_ = #key:VARCHAR#
      </isNotEmpty>
      <isNotEmpty prepend="and" property="id" >
        ID_ = #id:VARCHAR#
      </isNotEmpty>
      <isNotEmpty prepend="and" property="state" >
        STATE_ = #state:VARCHAR#
      </isNotEmpty>
      <isNotEmpty prepend="and" property="susphiststate" >
        SUSPHISTSTATE_ = #susphiststate:VARCHAR#
      </isNotEmpty>
      <isNotEmpty prepend="and" property="priority" >
        PRIORITY_ = #priority:DECIMAL#
      </isNotEmpty>
      <isNotEmpty prepend="and" property="hisactinst" >
        HISACTINST_ = #hisactinst:DECIMAL#
      </isNotEmpty>
      <isNotEmpty prepend="and" property="parent" >
        PARENT_ = #parent:DECIMAL#
      </isNotEmpty>
      <isNotEmpty prepend="and" property="instance" >
        INSTANCE_ = #instance:DECIMAL#
      </isNotEmpty>
      <isNotEmpty prepend="and" property="superexec" >
        SUPEREXEC_ = #superexec:DECIMAL#
      </isNotEmpty>
      <isNotEmpty prepend="and" property="subprocinst" >
        SUBPROCINST_ = #subprocinst:DECIMAL#
      </isNotEmpty>
      <isNotEmpty prepend="and" property="parentIdx" >
        PARENT_IDX_ = #parentIdx:DECIMAL#
      </isNotEmpty>
    </dynamic>
  </delete>
  <insert id="abatorgenerated_insert" parameterClass="com.gotop.jbpm.model.Jbpm4Execution" >
    <!--通过主键更新整条数据-->
    insert into JBPM4_EXECUTION (DBID_, CLASS_, DBVERSION_, ACTIVITYNAME_, PROCDEFID_, HASVARS_,
      NAME_, KEY_, ID_, STATE_, SUSPHISTSTATE_, PRIORITY_, HISACTINST_, PARENT_, INSTANCE_,
      SUPEREXEC_, SUBPROCINST_, PARENT_IDX_)
    values (#dbid:DECIMAL:-9999#, #classType:VARCHAR#, #dbversion:DECIMAL:-9999#,
      #activityname:VARCHAR#, #procdefid:VARCHAR#, #hasvars:DECIMAL:-9999#, #name:VARCHAR#,
      #key:VARCHAR#, #id:VARCHAR#, #state:VARCHAR#, #susphiststate:VARCHAR#,
      #priority:DECIMAL:-9999#, #hisactinst:DECIMAL:-9999#, #parent:DECIMAL:-9999#,
      #instance:DECIMAL:-9999#, #superexec:DECIMAL:-9999#, #subprocinst:DECIMAL:-9999#,
      #parentIdx:DECIMAL:-9999#)
  </insert>
  <update id="abatorgenerated_updateByPrimaryKey" parameterClass="com.gotop.jbpm.model.Jbpm4Execution" >
    <!--通过主键更新一条全部字段内容-->
    update JBPM4_EXECUTION
    set CLASS_ = #classType:VARCHAR#,
      DBVERSION_ = #dbversion:DECIMAL:-9999#,
      ACTIVITYNAME_ = #activityname:VARCHAR#,
      PROCDEFID_ = #procdefid:VARCHAR#,
      HASVARS_ = #hasvars:DECIMAL:-9999#,
      NAME_ = #name:VARCHAR#,
      KEY_ = #key:VARCHAR#,
      ID_ = #id:VARCHAR#,
      STATE_ = #state:VARCHAR#,
      SUSPHISTSTATE_ = #susphiststate:VARCHAR#,
      PRIORITY_ = #priority:DECIMAL:-9999#,
      HISACTINST_ = #hisactinst:DECIMAL:-9999#,
      PARENT_ = #parent:DECIMAL:-9999#,
      INSTANCE_ = #instance:DECIMAL:-9999#,
      SUPEREXEC_ = #superexec:DECIMAL:-9999#,
      SUBPROCINST_ = #subprocinst:DECIMAL:-9999#,
      PARENT_IDX_ = #parentIdx:DECIMAL:-9999#
    where DBID_ = #dbid:DECIMAL#
  </update>
  <update id="abatorgenerated_updateByPrimaryKeySelective" parameterClass="com.gotop.jbpm.model.Jbpm4Execution" >
    <!--通过主键更新部分字段，部分字段说明：当字段为null时不更新，当字段值为''空值是更新为空值-->
    update JBPM4_EXECUTION
    <dynamic prepend="set" >
      <isNotNull prepend="," property="classType" >
        CLASS_ = #classType:VARCHAR#
      </isNotNull>
      <isNotNull prepend="," property="dbversion" >
        DBVERSION_ = #dbversion:DECIMAL:-9999#
      </isNotNull>
      <isNotNull prepend="," property="activityname" >
        ACTIVITYNAME_ = #activityname:VARCHAR#
      </isNotNull>
      <isNotNull prepend="," property="procdefid" >
        PROCDEFID_ = #procdefid:VARCHAR#
      </isNotNull>
      <isNotNull prepend="," property="hasvars" >
        HASVARS_ = #hasvars:DECIMAL:-9999#
      </isNotNull>
      <isNotNull prepend="," property="name" >
        NAME_ = #name:VARCHAR#
      </isNotNull>
      <isNotNull prepend="," property="key" >
        KEY_ = #key:VARCHAR#
      </isNotNull>
      <isNotNull prepend="," property="id" >
        ID_ = #id:VARCHAR#
      </isNotNull>
      <isNotNull prepend="," property="state" >
        STATE_ = #state:VARCHAR#
      </isNotNull>
      <isNotNull prepend="," property="susphiststate" >
        SUSPHISTSTATE_ = #susphiststate:VARCHAR#
      </isNotNull>
      <isNotNull prepend="," property="priority" >
        PRIORITY_ = #priority:DECIMAL:-9999#
      </isNotNull>
      <isNotNull prepend="," property="hisactinst" >
        HISACTINST_ = #hisactinst:DECIMAL:-9999#
      </isNotNull>
      <isNotNull prepend="," property="parent" >
        PARENT_ = #parent:DECIMAL:-9999#
      </isNotNull>
      <isNotNull prepend="," property="instance" >
        INSTANCE_ = #instance:DECIMAL:-9999#
      </isNotNull>
      <isNotNull prepend="," property="superexec" >
        SUPEREXEC_ = #superexec:DECIMAL:-9999#
      </isNotNull>
      <isNotNull prepend="," property="subprocinst" >
        SUBPROCINST_ = #subprocinst:DECIMAL:-9999#
      </isNotNull>
      <isNotNull prepend="," property="parentIdx" >
        PARENT_IDX_ = #parentIdx:DECIMAL:-9999#
      </isNotNull>
    </dynamic>
    where DBID_ = #dbid:DECIMAL#
  </update>
  <select id="abatorgenerated_countByExample" parameterClass="com.gotop.jbpm.model.Jbpm4ExecutionExample" resultClass="java.lang.Integer" >
    <!--通过查询实例，统计总数-->
    select count(*) from JBPM4_EXECUTION
    <include refid="COMMON.abatorgenerated_Example_Where_Clause" />
  </select>
  <select id="abatorgenerated_countByTemplate" parameterClass="com.gotop.jbpm.model.Jbpm4Execution" resultClass="java.lang.Integer" >
    <!--通过查询Bean数据模板，统计总数-->
    select count(*) from JBPM4_EXECUTION
    <dynamic prepend="where" >
      <isNotNull prepend="and" property="dbid" >
        DBID_ = #dbid:DECIMAL#
      </isNotNull>
      <isNotNull prepend="and" property="classType" >
        CLASS_ = #classType:VARCHAR#
      </isNotNull>
      <isNotNull prepend="and" property="dbversion" >
        DBVERSION_ = #dbversion:DECIMAL#
      </isNotNull>
      <isNotNull prepend="and" property="activityname" >
        ACTIVITYNAME_ = #activityname:VARCHAR#
      </isNotNull>
      <isNotNull prepend="and" property="procdefid" >
        PROCDEFID_ = #procdefid:VARCHAR#
      </isNotNull>
      <isNotNull prepend="and" property="hasvars" >
        HASVARS_ = #hasvars:DECIMAL#
      </isNotNull>
      <isNotNull prepend="and" property="name" >
        NAME_ = #name:VARCHAR#
      </isNotNull>
      <isNotNull prepend="and" property="key" >
        KEY_ = #key:VARCHAR#
      </isNotNull>
      <isNotNull prepend="and" property="id" >
        ID_ = #id:VARCHAR#
      </isNotNull>
      <isNotNull prepend="and" property="state" >
        STATE_ = #state:VARCHAR#
      </isNotNull>
      <isNotNull prepend="and" property="susphiststate" >
        SUSPHISTSTATE_ = #susphiststate:VARCHAR#
      </isNotNull>
      <isNotNull prepend="and" property="priority" >
        PRIORITY_ = #priority:DECIMAL#
      </isNotNull>
      <isNotNull prepend="and" property="hisactinst" >
        HISACTINST_ = #hisactinst:DECIMAL#
      </isNotNull>
      <isNotNull prepend="and" property="parent" >
        PARENT_ = #parent:DECIMAL#
      </isNotNull>
      <isNotNull prepend="and" property="instance" >
        INSTANCE_ = #instance:DECIMAL#
      </isNotNull>
      <isNotNull prepend="and" property="superexec" >
        SUPEREXEC_ = #superexec:DECIMAL#
      </isNotNull>
      <isNotNull prepend="and" property="subprocinst" >
        SUBPROCINST_ = #subprocinst:DECIMAL#
      </isNotNull>
      <isNotNull prepend="and" property="parentIdx" >
        PARENT_IDX_ = #parentIdx:DECIMAL#
      </isNotNull>
    </dynamic>
  </select>
  <update id="abatorgenerated_updateByExampleSelective" >
    <!--通过查询实例，更新非null字段-->
    update JBPM4_EXECUTION
    <dynamic prepend="set" >
      <isNotNull prepend="," property="record.dbid" >
        DBID_ = #record.dbid:DECIMAL:-9999#
      </isNotNull>
      <isNotNull prepend="," property="record.class" >
        CLASS_ = #record.classType:VARCHAR#
      </isNotNull>
      <isNotNull prepend="," property="record.dbversion" >
        DBVERSION_ = #record.dbversion:DECIMAL:-9999#
      </isNotNull>
      <isNotNull prepend="," property="record.activityname" >
        ACTIVITYNAME_ = #record.activityname:VARCHAR#
      </isNotNull>
      <isNotNull prepend="," property="record.procdefid" >
        PROCDEFID_ = #record.procdefid:VARCHAR#
      </isNotNull>
      <isNotNull prepend="," property="record.hasvars" >
        HASVARS_ = #record.hasvars:DECIMAL:-9999#
      </isNotNull>
      <isNotNull prepend="," property="record.name" >
        NAME_ = #record.name:VARCHAR#
      </isNotNull>
      <isNotNull prepend="," property="record.key" >
        KEY_ = #record.key:VARCHAR#
      </isNotNull>
      <isNotNull prepend="," property="record.id" >
        ID_ = #record.id:VARCHAR#
      </isNotNull>
      <isNotNull prepend="," property="record.state" >
        STATE_ = #record.state:VARCHAR#
      </isNotNull>
      <isNotNull prepend="," property="record.susphiststate" >
        SUSPHISTSTATE_ = #record.susphiststate:VARCHAR#
      </isNotNull>
      <isNotNull prepend="," property="record.priority" >
        PRIORITY_ = #record.priority:DECIMAL:-9999#
      </isNotNull>
      <isNotNull prepend="," property="record.hisactinst" >
        HISACTINST_ = #record.hisactinst:DECIMAL:-9999#
      </isNotNull>
      <isNotNull prepend="," property="record.parent" >
        PARENT_ = #record.parent:DECIMAL:-9999#
      </isNotNull>
      <isNotNull prepend="," property="record.instance" >
        INSTANCE_ = #record.instance:DECIMAL:-9999#
      </isNotNull>
      <isNotNull prepend="," property="record.superexec" >
        SUPEREXEC_ = #record.superexec:DECIMAL:-9999#
      </isNotNull>
      <isNotNull prepend="," property="record.subprocinst" >
        SUBPROCINST_ = #record.subprocinst:DECIMAL:-9999#
      </isNotNull>
      <isNotNull prepend="," property="record.parentIdx" >
        PARENT_IDX_ = #record.parentIdx:DECIMAL:-9999#
      </isNotNull>
    </dynamic>
    <isParameterPresent >
      <include refid="COMMON.abatorgenerated_Example_Where_Clause" />
    </isParameterPresent>
  </update>
  <update id="abatorgenerated_updateByExample" >
    <!--通过查询实例，更新全部字段-->
    update JBPM4_EXECUTION
    set DBID_ = #record.dbid:DECIMAL:-9999#,
      CLASS_ = #record.classType:VARCHAR#,
      DBVERSION_ = #record.dbversion:DECIMAL:-9999#,
      ACTIVITYNAME_ = #record.activityname:VARCHAR#,
      PROCDEFID_ = #record.procdefid:VARCHAR#,
      HASVARS_ = #record.hasvars:DECIMAL:-9999#,
      NAME_ = #record.name:VARCHAR#,
      KEY_ = #record.key:VARCHAR#,
      ID_ = #record.id:VARCHAR#,
      STATE_ = #record.state:VARCHAR#,
      SUSPHISTSTATE_ = #record.susphiststate:VARCHAR#,
      PRIORITY_ = #record.priority:DECIMAL:-9999#,
      HISACTINST_ = #record.hisactinst:DECIMAL:-9999#,
      PARENT_ = #record.parent:DECIMAL:-9999#,
      INSTANCE_ = #record.instance:DECIMAL:-9999#,
      SUPEREXEC_ = #record.superexec:DECIMAL:-9999#,
      SUBPROCINST_ = #record.subprocinst:DECIMAL:-9999#,
      PARENT_IDX_ = #record.parentIdx:DECIMAL:-9999#
    <isParameterPresent >
      <include refid="COMMON.abatorgenerated_Example_Where_Clause" />
    </isParameterPresent>
  </update>
  <update id="abatorgenerated_updateEntityByTemplate" >
    <!--根据Bean数据模板查询条件更新记录-->
    update JBPM4_EXECUTION
    <dynamic prepend="set" >
      <isNotEmpty prepend="," property="record.dbid" >
        DBID_ = #record.dbid:DECIMAL:-9999#
      </isNotEmpty>
      <isNotEmpty prepend="," property="record.class" >
        CLASS_ = #record.classType:VARCHAR#
      </isNotEmpty>
      <isNotEmpty prepend="," property="record.dbversion" >
        DBVERSION_ = #record.dbversion:DECIMAL:-9999#
      </isNotEmpty>
      <isNotEmpty prepend="," property="record.activityname" >
        ACTIVITYNAME_ = #record.activityname:VARCHAR#
      </isNotEmpty>
      <isNotEmpty prepend="," property="record.procdefid" >
        PROCDEFID_ = #record.procdefid:VARCHAR#
      </isNotEmpty>
      <isNotEmpty prepend="," property="record.hasvars" >
        HASVARS_ = #record.hasvars:DECIMAL:-9999#
      </isNotEmpty>
      <isNotEmpty prepend="," property="record.name" >
        NAME_ = #record.name:VARCHAR#
      </isNotEmpty>
      <isNotEmpty prepend="," property="record.key" >
        KEY_ = #record.key:VARCHAR#
      </isNotEmpty>
      <isNotEmpty prepend="," property="record.id" >
        ID_ = #record.id:VARCHAR#
      </isNotEmpty>
      <isNotEmpty prepend="," property="record.state" >
        STATE_ = #record.state:VARCHAR#
      </isNotEmpty>
      <isNotEmpty prepend="," property="record.susphiststate" >
        SUSPHISTSTATE_ = #record.susphiststate:VARCHAR#
      </isNotEmpty>
      <isNotEmpty prepend="," property="record.priority" >
        PRIORITY_ = #record.priority:DECIMAL:-9999#
      </isNotEmpty>
      <isNotEmpty prepend="," property="record.hisactinst" >
        HISACTINST_ = #record.hisactinst:DECIMAL:-9999#
      </isNotEmpty>
      <isNotEmpty prepend="," property="record.parent" >
        PARENT_ = #record.parent:DECIMAL:-9999#
      </isNotEmpty>
      <isNotEmpty prepend="," property="record.instance" >
        INSTANCE_ = #record.instance:DECIMAL:-9999#
      </isNotEmpty>
      <isNotEmpty prepend="," property="record.superexec" >
        SUPEREXEC_ = #record.superexec:DECIMAL:-9999#
      </isNotEmpty>
      <isNotEmpty prepend="," property="record.subprocinst" >
        SUBPROCINST_ = #record.subprocinst:DECIMAL:-9999#
      </isNotEmpty>
      <isNotEmpty prepend="," property="record.parentIdx" >
        PARENT_IDX_ = #record.parentIdx:DECIMAL:-9999#
      </isNotEmpty>
    </dynamic>
    <dynamic prepend="where" >
      <isNotEmpty prepend="and" property="template.dbid" >
        DBID_ = #template.dbid:DECIMAL#
      </isNotEmpty>
      <isNotEmpty prepend="and" property="template.class" >
        CLASS_ = #template.classType:VARCHAR#
      </isNotEmpty>
      <isNotEmpty prepend="and" property="template.dbversion" >
        DBVERSION_ = #template.dbversion:DECIMAL#
      </isNotEmpty>
      <isNotEmpty prepend="and" property="template.activityname" >
        ACTIVITYNAME_ = #template.activityname:VARCHAR#
      </isNotEmpty>
      <isNotEmpty prepend="and" property="template.procdefid" >
        PROCDEFID_ = #template.procdefid:VARCHAR#
      </isNotEmpty>
      <isNotEmpty prepend="and" property="template.hasvars" >
        HASVARS_ = #template.hasvars:DECIMAL#
      </isNotEmpty>
      <isNotEmpty prepend="and" property="template.name" >
        NAME_ = #template.name:VARCHAR#
      </isNotEmpty>
      <isNotEmpty prepend="and" property="template.key" >
        KEY_ = #template.key:VARCHAR#
      </isNotEmpty>
      <isNotEmpty prepend="and" property="template.id" >
        ID_ = #template.id:VARCHAR#
      </isNotEmpty>
      <isNotEmpty prepend="and" property="template.state" >
        STATE_ = #template.state:VARCHAR#
      </isNotEmpty>
      <isNotEmpty prepend="and" property="template.susphiststate" >
        SUSPHISTSTATE_ = #template.susphiststate:VARCHAR#
      </isNotEmpty>
      <isNotEmpty prepend="and" property="template.priority" >
        PRIORITY_ = #template.priority:DECIMAL#
      </isNotEmpty>
      <isNotEmpty prepend="and" property="template.hisactinst" >
        HISACTINST_ = #template.hisactinst:DECIMAL#
      </isNotEmpty>
      <isNotEmpty prepend="and" property="template.parent" >
        PARENT_ = #template.parent:DECIMAL#
      </isNotEmpty>
      <isNotEmpty prepend="and" property="template.instance" >
        INSTANCE_ = #template.instance:DECIMAL#
      </isNotEmpty>
      <isNotEmpty prepend="and" property="template.superexec" >
        SUPEREXEC_ = #template.superexec:DECIMAL#
      </isNotEmpty>
      <isNotEmpty prepend="and" property="template.subprocinst" >
        SUBPROCINST_ = #template.subprocinst:DECIMAL#
      </isNotEmpty>
      <isNotEmpty prepend="and" property="template.parentIdx" >
        PARENT_IDX_ = #template.parentIdx:DECIMAL#
      </isNotEmpty>
    </dynamic>
  </update>
  <select id="abatorgenerated_selectByMapAndPage" resultMap="abatorgenerated_Jbpm4Execution_HashMapResult" parameterClass="java.util.HashMap" >
    <!--通过Map方式的动态条件，查询分页数据-->
    select DBID_, CLASS_, DBVERSION_, ACTIVITYNAME_, PROCDEFID_, HASVARS_, NAME_, KEY_, ID_, STATE_,
      SUSPHISTSTATE_, PRIORITY_, HISACTINST_, PARENT_, INSTANCE_, SUPEREXEC_, SUBPROCINST_,
      PARENT_IDX_
    from JBPM4_EXECUTION
    <dynamic prepend="where" >
      <isNotNull prepend="and" property="dbid" >
        DBID_ = #dbid:DECIMAL#
      </isNotNull>
      <isNotNull prepend="and" property="classType" >
        CLASS_ = #classType:VARCHAR#
      </isNotNull>
      <isNotNull prepend="and" property="dbversion" >
        DBVERSION_ = #dbversion:DECIMAL#
      </isNotNull>
      <isNotNull prepend="and" property="activityname" >
        ACTIVITYNAME_ = #activityname:VARCHAR#
      </isNotNull>
      <isNotNull prepend="and" property="procdefid" >
        PROCDEFID_ = #procdefid:VARCHAR#
      </isNotNull>
      <isNotNull prepend="and" property="hasvars" >
        HASVARS_ = #hasvars:DECIMAL#
      </isNotNull>
      <isNotNull prepend="and" property="name" >
        NAME_ = #name:VARCHAR#
      </isNotNull>
      <isNotNull prepend="and" property="key" >
        KEY_ = #key:VARCHAR#
      </isNotNull>
      <isNotNull prepend="and" property="id" >
        ID_ = #id:VARCHAR#
      </isNotNull>
      <isNotNull prepend="and" property="state" >
        STATE_ = #state:VARCHAR#
      </isNotNull>
      <isNotNull prepend="and" property="susphiststate" >
        SUSPHISTSTATE_ = #susphiststate:VARCHAR#
      </isNotNull>
      <isNotNull prepend="and" property="priority" >
        PRIORITY_ = #priority:DECIMAL#
      </isNotNull>
      <isNotNull prepend="and" property="hisactinst" >
        HISACTINST_ = #hisactinst:DECIMAL#
      </isNotNull>
      <isNotNull prepend="and" property="parent" >
        PARENT_ = #parent:DECIMAL#
      </isNotNull>
      <isNotNull prepend="and" property="instance" >
        INSTANCE_ = #instance:DECIMAL#
      </isNotNull>
      <isNotNull prepend="and" property="superexec" >
        SUPEREXEC_ = #superexec:DECIMAL#
      </isNotNull>
      <isNotNull prepend="and" property="subprocinst" >
        SUBPROCINST_ = #subprocinst:DECIMAL#
      </isNotNull>
      <isNotNull prepend="and" property="parentIdx" >
        PARENT_IDX_ = #parentIdx:DECIMAL#
      </isNotNull>
    </dynamic>
  </select>
  <select id="abatorgenerated_selectByExampleAndPage" resultMap="abatorgenerated_Jbpm4ExecutionResult" parameterClass="com.gotop.jbpm.model.Jbpm4ExecutionExample" >
    <!--通过Bean方式的动态条件，查询分页数据-->
    select DBID_, CLASS_, DBVERSION_, ACTIVITYNAME_, PROCDEFID_, HASVARS_, NAME_, KEY_, ID_, STATE_,
      SUSPHISTSTATE_, PRIORITY_, HISACTINST_, PARENT_, INSTANCE_, SUPEREXEC_, SUBPROCINST_,
      PARENT_IDX_
    from JBPM4_EXECUTION
    <isParameterPresent >
      <include refid="COMMON.abatorgenerated_Example_Where_Clause" />
    </isParameterPresent>
  </select>
</sqlMap>