<?xml version="1.0" encoding="UTF-8" ?>
<!DOCTYPE sqlMap PUBLIC "-//ibatis.apache.org//DTD SQL Map 2.0//EN" "http://ibatis.apache.org/dtd/sql-map-2.dtd" >
<sqlMap namespace="JBPM4_TASK_SqlMap" >
  <resultMap id="abatorgenerated_Jbpm4TaskResult" class="com.gotop.jbpm.model.Jbpm4Task" >
    <!--Bean方式返回全表-->
    <result column="DBID_" property="dbid" jdbcType="DECIMAL" />
    <result column="CLASS_" property="classType" jdbcType="CHAR" />
    <result column="DBVERSION_" property="dbversion" jdbcType="DECIMAL" />
    <result column="NAME_" property="name" jdbcType="VARCHAR" />
    <result column="DESCR_" property="descr" jdbcType="OTHER" />
    <result column="STATE_" property="state" jdbcType="VARCHAR" />
    <result column="SUSPHISTSTATE_" property="susphiststate" jdbcType="VARCHAR" />
    <result column="ASSIGNEE_" property="assignee" jdbcType="VARCHAR" />
    <result column="FORM_" property="form" jdbcType="VARCHAR" />
    <result column="PRIORITY_" property="priority" jdbcType="DECIMAL" />
    <result column="CREATE_" property="create" jdbcType="TIMESTAMP" />
    <result column="DUEDATE_" property="duedate" jdbcType="TIMESTAMP" />
    <result column="PROGRESS_" property="progress" jdbcType="DECIMAL" />
    <result column="SIGNALLING_" property="signalling" jdbcType="DECIMAL" />
    <result column="EXECUTION_ID_" property="executionId" jdbcType="VARCHAR" />
    <result column="ACTIVITY_NAME_" property="activityName" jdbcType="VARCHAR" />
    <result column="HASVARS_" property="hasvars" jdbcType="DECIMAL" />
    <result column="SUPERTASK_" property="supertask" jdbcType="DECIMAL" />
    <result column="EXECUTION_" property="execution" jdbcType="DECIMAL" />
    <result column="PROCINST_" property="procinst" jdbcType="DECIMAL" />
    <result column="SWIMLANE_" property="swimlane" jdbcType="DECIMAL" />
    <result column="TASKDEFNAME_" property="taskdefname" jdbcType="VARCHAR" />
  </resultMap>
  <resultMap id="abatorgenerated_Jbpm4Task_HashMapResult" class="java.util.HashMap" >
    <!--HashMap方式返回全表-->
    <result column="DBID_" property="dbid" jdbcType="DECIMAL" />
    <result column="CLASS_" property="classType" jdbcType="CHAR" />
    <result column="DBVERSION_" property="dbversion" jdbcType="DECIMAL" />
    <result column="NAME_" property="name" jdbcType="VARCHAR" />
    <result column="DESCR_" property="descr" jdbcType="OTHER" />
    <result column="STATE_" property="state" jdbcType="VARCHAR" />
    <result column="SUSPHISTSTATE_" property="susphiststate" jdbcType="VARCHAR" />
    <result column="ASSIGNEE_" property="assignee" jdbcType="VARCHAR" />
    <result column="FORM_" property="form" jdbcType="VARCHAR" />
    <result column="PRIORITY_" property="priority" jdbcType="DECIMAL" />
    <result column="CREATE_" property="create" jdbcType="TIMESTAMP" />
    <result column="DUEDATE_" property="duedate" jdbcType="TIMESTAMP" />
    <result column="PROGRESS_" property="progress" jdbcType="DECIMAL" />
    <result column="SIGNALLING_" property="signalling" jdbcType="DECIMAL" />
    <result column="EXECUTION_ID_" property="executionId" jdbcType="VARCHAR" />
    <result column="ACTIVITY_NAME_" property="activityName" jdbcType="VARCHAR" />
    <result column="HASVARS_" property="hasvars" jdbcType="DECIMAL" />
    <result column="SUPERTASK_" property="supertask" jdbcType="DECIMAL" />
    <result column="EXECUTION_" property="execution" jdbcType="DECIMAL" />
    <result column="PROCINST_" property="procinst" jdbcType="DECIMAL" />
    <result column="SWIMLANE_" property="swimlane" jdbcType="DECIMAL" />
    <result column="TASKDEFNAME_" property="taskdefname" jdbcType="VARCHAR" />
  </resultMap>
  <select id="abatorgenerated_selectByPrimaryKey" resultMap="abatorgenerated_Jbpm4TaskResult" parameterClass="com.gotop.jbpm.model.Jbpm4Task" >
    <!--通过主键查询一条数据-->
    select DBID_, CLASS_, DBVERSION_, NAME_, DESCR_, STATE_, SUSPHISTSTATE_, ASSIGNEE_, FORM_,
      PRIORITY_, CREATE_, DUEDATE_, PROGRESS_, SIGNALLING_, EXECUTION_ID_, ACTIVITY_NAME_, HASVARS_,
      SUPERTASK_, EXECUTION_, PROCINST_, SWIMLANE_, TASKDEFNAME_
    from JBPM4_TASK
    where DBID_ = #dbid:DECIMAL#
  </select>
  <select id="abatorgenerated_selectByExample" resultMap="abatorgenerated_Jbpm4TaskResult" parameterClass="com.gotop.jbpm.model.Jbpm4TaskExample" >
    <!--通过查询实体,查询满足条件的记录-->
    select DBID_, CLASS_, DBVERSION_, NAME_, DESCR_, STATE_, SUSPHISTSTATE_, ASSIGNEE_, FORM_,
      PRIORITY_, CREATE_, DUEDATE_, PROGRESS_, SIGNALLING_, EXECUTION_ID_, ACTIVITY_NAME_, HASVARS_,
      SUPERTASK_, EXECUTION_, PROCINST_, SWIMLANE_, TASKDEFNAME_
    from JBPM4_TASK
    <isParameterPresent >
      <include refid="COMMON.abatorgenerated_Example_Where_Clause" />
      <isNotNull property="orderByClause" >
        order by $orderByClause$
      </isNotNull>
    </isParameterPresent>
  </select>
  <select id="abatorgenerated_expandEntityByTemplate" resultMap="abatorgenerated_Jbpm4TaskResult" parameterClass="com.gotop.jbpm.model.Jbpm4Task" >
    <!--根据Bean数据模板查询条件查询所有记录，可查询分页数据-->
    select DBID_, CLASS_, DBVERSION_, NAME_, DESCR_, STATE_, SUSPHISTSTATE_, ASSIGNEE_, FORM_,
      PRIORITY_, CREATE_, DUEDATE_, PROGRESS_, SIGNALLING_, EXECUTION_ID_, ACTIVITY_NAME_, HASVARS_,
      SUPERTASK_, EXECUTION_, PROCINST_, SWIMLANE_, TASKDEFNAME_
    from JBPM4_TASK where <![CDATA[ rownum<2 ]]>
    <dynamic >
      <isNotNull prepend="and" property="dbid" >
        DBID_ = #dbid:DECIMAL#
      </isNotNull>
      <isNotNull prepend="and" property="classType" >
        CLASS_ = #classType:CHAR#
      </isNotNull>
      <isNotNull prepend="and" property="dbversion" >
        DBVERSION_ = #dbversion:DECIMAL#
      </isNotNull>
      <isNotNull prepend="and" property="name" >
        NAME_ = #name:VARCHAR#
      </isNotNull>
      <isNotNull prepend="and" property="descr" >
        DESCR_ = #descr:OTHER#
      </isNotNull>
      <isNotNull prepend="and" property="state" >
        STATE_ = #state:VARCHAR#
      </isNotNull>
      <isNotNull prepend="and" property="susphiststate" >
        SUSPHISTSTATE_ = #susphiststate:VARCHAR#
      </isNotNull>
      <isNotNull prepend="and" property="assignee" >
        ASSIGNEE_ = #assignee:VARCHAR#
      </isNotNull>
      <isNotNull prepend="and" property="form" >
        FORM_ = #form:VARCHAR#
      </isNotNull>
      <isNotNull prepend="and" property="priority" >
        PRIORITY_ = #priority:DECIMAL#
      </isNotNull>
      <isNotNull prepend="and" property="create" >
        CREATE_ = #create:TIMESTAMP#
      </isNotNull>
      <isNotNull prepend="and" property="duedate" >
        DUEDATE_ = #duedate:TIMESTAMP#
      </isNotNull>
      <isNotNull prepend="and" property="progress" >
        PROGRESS_ = #progress:DECIMAL#
      </isNotNull>
      <isNotNull prepend="and" property="signalling" >
        SIGNALLING_ = #signalling:DECIMAL#
      </isNotNull>
      <isNotNull prepend="and" property="executionId" >
        EXECUTION_ID_ = #executionId:VARCHAR#
      </isNotNull>
      <isNotNull prepend="and" property="activityName" >
        ACTIVITY_NAME_ = #activityName:VARCHAR#
      </isNotNull>
      <isNotNull prepend="and" property="hasvars" >
        HASVARS_ = #hasvars:DECIMAL#
      </isNotNull>
      <isNotNull prepend="and" property="supertask" >
        SUPERTASK_ = #supertask:DECIMAL#
      </isNotNull>
      <isNotNull prepend="and" property="execution" >
        EXECUTION_ = #execution:DECIMAL#
      </isNotNull>
      <isNotNull prepend="and" property="procinst" >
        PROCINST_ = #procinst:DECIMAL#
      </isNotNull>
      <isNotNull prepend="and" property="swimlane" >
        SWIMLANE_ = #swimlane:DECIMAL#
      </isNotNull>
      <isNotNull prepend="and" property="taskdefname" >
        TASKDEFNAME_ = #taskdefname:VARCHAR#
      </isNotNull>
    </dynamic>
  </select>
  <select id="abatorgenerated_queryEntitiesByTemplate" resultMap="abatorgenerated_Jbpm4TaskResult" parameterClass="com.gotop.jbpm.model.Jbpm4Task" >
    <!--根据Bean数据模板查询条件查询所有记录，可查询分页数据-->
    select DBID_, CLASS_, DBVERSION_, NAME_, DESCR_, STATE_, SUSPHISTSTATE_, ASSIGNEE_, FORM_,
      PRIORITY_, CREATE_, DUEDATE_, PROGRESS_, SIGNALLING_, EXECUTION_ID_, ACTIVITY_NAME_, HASVARS_,
      SUPERTASK_, EXECUTION_, PROCINST_, SWIMLANE_, TASKDEFNAME_
    from JBPM4_TASK
    <dynamic prepend="where" >
      <isNotNull prepend="and" property="dbid" >
        DBID_ = #dbid:DECIMAL#
      </isNotNull>
      <isNotNull prepend="and" property="classType" >
        CLASS_ = #classType:CHAR#
      </isNotNull>
      <isNotNull prepend="and" property="dbversion" >
        DBVERSION_ = #dbversion:DECIMAL#
      </isNotNull>
      <isNotNull prepend="and" property="name" >
        NAME_ = #name:VARCHAR#
      </isNotNull>
      <isNotNull prepend="and" property="descr" >
        DESCR_ = #descr:OTHER#
      </isNotNull>
      <isNotNull prepend="and" property="state" >
        STATE_ = #state:VARCHAR#
      </isNotNull>
      <isNotNull prepend="and" property="susphiststate" >
        SUSPHISTSTATE_ = #susphiststate:VARCHAR#
      </isNotNull>
      <isNotNull prepend="and" property="assignee" >
        ASSIGNEE_ = #assignee:VARCHAR#
      </isNotNull>
      <isNotNull prepend="and" property="form" >
        FORM_ = #form:VARCHAR#
      </isNotNull>
      <isNotNull prepend="and" property="priority" >
        PRIORITY_ = #priority:DECIMAL#
      </isNotNull>
      <isNotNull prepend="and" property="create" >
        CREATE_ = #create:TIMESTAMP#
      </isNotNull>
      <isNotNull prepend="and" property="duedate" >
        DUEDATE_ = #duedate:TIMESTAMP#
      </isNotNull>
      <isNotNull prepend="and" property="progress" >
        PROGRESS_ = #progress:DECIMAL#
      </isNotNull>
      <isNotNull prepend="and" property="signalling" >
        SIGNALLING_ = #signalling:DECIMAL#
      </isNotNull>
      <isNotNull prepend="and" property="executionId" >
        EXECUTION_ID_ = #executionId:VARCHAR#
      </isNotNull>
      <isNotNull prepend="and" property="activityName" >
        ACTIVITY_NAME_ = #activityName:VARCHAR#
      </isNotNull>
      <isNotNull prepend="and" property="hasvars" >
        HASVARS_ = #hasvars:DECIMAL#
      </isNotNull>
      <isNotNull prepend="and" property="supertask" >
        SUPERTASK_ = #supertask:DECIMAL#
      </isNotNull>
      <isNotNull prepend="and" property="execution" >
        EXECUTION_ = #execution:DECIMAL#
      </isNotNull>
      <isNotNull prepend="and" property="procinst" >
        PROCINST_ = #procinst:DECIMAL#
      </isNotNull>
      <isNotNull prepend="and" property="swimlane" >
        SWIMLANE_ = #swimlane:DECIMAL#
      </isNotNull>
      <isNotNull prepend="and" property="taskdefname" >
        TASKDEFNAME_ = #taskdefname:VARCHAR#
      </isNotNull>
    </dynamic>
  </select>
  <delete id="abatorgenerated_deleteByPrimaryKey" parameterClass="com.gotop.jbpm.model.Jbpm4Task" >
    <!--
      WARNING - This element is automatically generated by Abator for iBATIS, do not modify.
      This element was generated on .
    -->
    <!--通过主键删除一条记录-->
    delete from JBPM4_TASK
    where DBID_ = #dbid:DECIMAL#
  </delete>
  <delete id="abatorgenerated_deleteByExample" parameterClass="com.gotop.jbpm.model.Jbpm4TaskExample" >
    <!--通过查询实例，删除满足条件的数据-->
    delete from JBPM4_TASK
    <include refid="COMMON.abatorgenerated_Example_Where_Clause" />
  </delete>
  <delete id="abatorgenerated_deleteByTemplate" parameterClass="com.gotop.jbpm.model.Jbpm4Task" >
    <!--根据Bean数据模板查询条件删除记录-->
    delete from JBPM4_TASK
    <dynamic prepend="where" >
      <isNotEmpty prepend="and" property="dbid" >
        DBID_ = #dbid:DECIMAL#
      </isNotEmpty>
      <isNotEmpty prepend="and" property="classType" >
        CLASS_ = #classType:CHAR#
      </isNotEmpty>
      <isNotEmpty prepend="and" property="dbversion" >
        DBVERSION_ = #dbversion:DECIMAL#
      </isNotEmpty>
      <isNotEmpty prepend="and" property="name" >
        NAME_ = #name:VARCHAR#
      </isNotEmpty>
      <isNotEmpty prepend="and" property="descr" >
        DESCR_ = #descr:OTHER#
      </isNotEmpty>
      <isNotEmpty prepend="and" property="state" >
        STATE_ = #state:VARCHAR#
      </isNotEmpty>
      <isNotEmpty prepend="and" property="susphiststate" >
        SUSPHISTSTATE_ = #susphiststate:VARCHAR#
      </isNotEmpty>
      <isNotEmpty prepend="and" property="assignee" >
        ASSIGNEE_ = #assignee:VARCHAR#
      </isNotEmpty>
      <isNotEmpty prepend="and" property="form" >
        FORM_ = #form:VARCHAR#
      </isNotEmpty>
      <isNotEmpty prepend="and" property="priority" >
        PRIORITY_ = #priority:DECIMAL#
      </isNotEmpty>
      <isNotEmpty prepend="and" property="create" >
        CREATE_ = #create:TIMESTAMP#
      </isNotEmpty>
      <isNotEmpty prepend="and" property="duedate" >
        DUEDATE_ = #duedate:TIMESTAMP#
      </isNotEmpty>
      <isNotEmpty prepend="and" property="progress" >
        PROGRESS_ = #progress:DECIMAL#
      </isNotEmpty>
      <isNotEmpty prepend="and" property="signalling" >
        SIGNALLING_ = #signalling:DECIMAL#
      </isNotEmpty>
      <isNotEmpty prepend="and" property="executionId" >
        EXECUTION_ID_ = #executionId:VARCHAR#
      </isNotEmpty>
      <isNotEmpty prepend="and" property="activityName" >
        ACTIVITY_NAME_ = #activityName:VARCHAR#
      </isNotEmpty>
      <isNotEmpty prepend="and" property="hasvars" >
        HASVARS_ = #hasvars:DECIMAL#
      </isNotEmpty>
      <isNotEmpty prepend="and" property="supertask" >
        SUPERTASK_ = #supertask:DECIMAL#
      </isNotEmpty>
      <isNotEmpty prepend="and" property="execution" >
        EXECUTION_ = #execution:DECIMAL#
      </isNotEmpty>
      <isNotEmpty prepend="and" property="procinst" >
        PROCINST_ = #procinst:DECIMAL#
      </isNotEmpty>
      <isNotEmpty prepend="and" property="swimlane" >
        SWIMLANE_ = #swimlane:DECIMAL#
      </isNotEmpty>
      <isNotEmpty prepend="and" property="taskdefname" >
        TASKDEFNAME_ = #taskdefname:VARCHAR#
      </isNotEmpty>
    </dynamic>
  </delete>
  <insert id="abatorgenerated_insert" parameterClass="com.gotop.jbpm.model.Jbpm4Task" >
    <!--通过主键更新整条数据-->
    insert into JBPM4_TASK (DBID_, CLASS_, DBVERSION_, NAME_, DESCR_, STATE_, SUSPHISTSTATE_,
      ASSIGNEE_, FORM_, PRIORITY_, CREATE_, DUEDATE_, PROGRESS_, SIGNALLING_, EXECUTION_ID_,
      ACTIVITY_NAME_, HASVARS_, SUPERTASK_, EXECUTION_, PROCINST_, SWIMLANE_, TASKDEFNAME_)
    values (#dbid:DECIMAL:-9999#, #classType:CHAR#, #dbversion:DECIMAL:-9999#, #name:VARCHAR#,
      #descr:OTHER#, #state:VARCHAR#, #susphiststate:VARCHAR#, #assignee:VARCHAR#, #form:VARCHAR#,
      #priority:DECIMAL:-9999#, #create:TIMESTAMP#, #duedate:TIMESTAMP#, #progress:DECIMAL:-9999#,
      #signalling:DECIMAL:-9999#, #executionId:VARCHAR#, #activityName:VARCHAR#,
      #hasvars:DECIMAL:-9999#, #supertask:DECIMAL:-9999#, #execution:DECIMAL:-9999#,
      #procinst:DECIMAL:-9999#, #swimlane:DECIMAL:-9999#, #taskdefname:VARCHAR#)
  </insert>
  <update id="abatorgenerated_updateByPrimaryKey" parameterClass="com.gotop.jbpm.model.Jbpm4Task" >
    <!--通过主键更新一条全部字段内容-->
    update JBPM4_TASK
    set CLASS_ = #classType:CHAR#,
      DBVERSION_ = #dbversion:DECIMAL:-9999#,
      NAME_ = #name:VARCHAR#,
      DESCR_ = #descr:OTHER#,
      STATE_ = #state:VARCHAR#,
      SUSPHISTSTATE_ = #susphiststate:VARCHAR#,
      ASSIGNEE_ = #assignee:VARCHAR#,
      FORM_ = #form:VARCHAR#,
      PRIORITY_ = #priority:DECIMAL:-9999#,
      CREATE_ = #create:TIMESTAMP#,
      DUEDATE_ = #duedate:TIMESTAMP#,
      PROGRESS_ = #progress:DECIMAL:-9999#,
      SIGNALLING_ = #signalling:DECIMAL:-9999#,
      EXECUTION_ID_ = #executionId:VARCHAR#,
      ACTIVITY_NAME_ = #activityName:VARCHAR#,
      HASVARS_ = #hasvars:DECIMAL:-9999#,
      SUPERTASK_ = #supertask:DECIMAL:-9999#,
      EXECUTION_ = #execution:DECIMAL:-9999#,
      PROCINST_ = #procinst:DECIMAL:-9999#,
      SWIMLANE_ = #swimlane:DECIMAL:-9999#,
      TASKDEFNAME_ = #taskdefname:VARCHAR#
    where DBID_ = #dbid:DECIMAL#
  </update>
  <update id="abatorgenerated_updateByPrimaryKeySelective" parameterClass="com.gotop.jbpm.model.Jbpm4Task" >
    <!--通过主键更新部分字段，部分字段说明：当字段为null时不更新，当字段值为''空值是更新为空值-->
    update JBPM4_TASK
    <dynamic prepend="set" >
      <isNotNull prepend="," property="classType" >
        CLASS_ = #classType:CHAR#
      </isNotNull>
      <isNotNull prepend="," property="dbversion" >
        DBVERSION_ = #dbversion:DECIMAL:-9999#
      </isNotNull>
      <isNotNull prepend="," property="name" >
        NAME_ = #name:VARCHAR#
      </isNotNull>
      <isNotNull prepend="," property="descr" >
        DESCR_ = #descr:OTHER#
      </isNotNull>
      <isNotNull prepend="," property="state" >
        STATE_ = #state:VARCHAR#
      </isNotNull>
      <isNotNull prepend="," property="susphiststate" >
        SUSPHISTSTATE_ = #susphiststate:VARCHAR#
      </isNotNull>
      <isNotNull prepend="," property="assignee" >
        ASSIGNEE_ = #assignee:VARCHAR#
      </isNotNull>
      <isNotNull prepend="," property="form" >
        FORM_ = #form:VARCHAR#
      </isNotNull>
      <isNotNull prepend="," property="priority" >
        PRIORITY_ = #priority:DECIMAL:-9999#
      </isNotNull>
      <isNotNull prepend="," property="create" >
        CREATE_ = #create:TIMESTAMP#
      </isNotNull>
      <isNotNull prepend="," property="duedate" >
        DUEDATE_ = #duedate:TIMESTAMP#
      </isNotNull>
      <isNotNull prepend="," property="progress" >
        PROGRESS_ = #progress:DECIMAL:-9999#
      </isNotNull>
      <isNotNull prepend="," property="signalling" >
        SIGNALLING_ = #signalling:DECIMAL:-9999#
      </isNotNull>
      <isNotNull prepend="," property="executionId" >
        EXECUTION_ID_ = #executionId:VARCHAR#
      </isNotNull>
      <isNotNull prepend="," property="activityName" >
        ACTIVITY_NAME_ = #activityName:VARCHAR#
      </isNotNull>
      <isNotNull prepend="," property="hasvars" >
        HASVARS_ = #hasvars:DECIMAL:-9999#
      </isNotNull>
      <isNotNull prepend="," property="supertask" >
        SUPERTASK_ = #supertask:DECIMAL:-9999#
      </isNotNull>
      <isNotNull prepend="," property="execution" >
        EXECUTION_ = #execution:DECIMAL:-9999#
      </isNotNull>
      <isNotNull prepend="," property="procinst" >
        PROCINST_ = #procinst:DECIMAL:-9999#
      </isNotNull>
      <isNotNull prepend="," property="swimlane" >
        SWIMLANE_ = #swimlane:DECIMAL:-9999#
      </isNotNull>
      <isNotNull prepend="," property="taskdefname" >
        TASKDEFNAME_ = #taskdefname:VARCHAR#
      </isNotNull>
    </dynamic>
    where DBID_ = #dbid:DECIMAL#
  </update>
  <select id="abatorgenerated_countByExample" parameterClass="com.gotop.jbpm.model.Jbpm4TaskExample" resultClass="java.lang.Integer" >
    <!--通过查询实例，统计总数-->
    select count(*) from JBPM4_TASK
    <include refid="COMMON.abatorgenerated_Example_Where_Clause" />
  </select>
  <select id="abatorgenerated_countByTemplate" parameterClass="com.gotop.jbpm.model.Jbpm4Task" resultClass="java.lang.Integer" >
    <!--通过查询Bean数据模板，统计总数-->
    select count(*) from JBPM4_TASK
    <dynamic prepend="where" >
      <isNotNull prepend="and" property="dbid" >
        DBID_ = #dbid:DECIMAL#
      </isNotNull>
      <isNotNull prepend="and" property="classType" >
        CLASS_ = #classType:CHAR#
      </isNotNull>
      <isNotNull prepend="and" property="dbversion" >
        DBVERSION_ = #dbversion:DECIMAL#
      </isNotNull>
      <isNotNull prepend="and" property="name" >
        NAME_ = #name:VARCHAR#
      </isNotNull>
      <isNotNull prepend="and" property="descr" >
        DESCR_ = #descr:OTHER#
      </isNotNull>
      <isNotNull prepend="and" property="state" >
        STATE_ = #state:VARCHAR#
      </isNotNull>
      <isNotNull prepend="and" property="susphiststate" >
        SUSPHISTSTATE_ = #susphiststate:VARCHAR#
      </isNotNull>
      <isNotNull prepend="and" property="assignee" >
        ASSIGNEE_ = #assignee:VARCHAR#
      </isNotNull>
      <isNotNull prepend="and" property="form" >
        FORM_ = #form:VARCHAR#
      </isNotNull>
      <isNotNull prepend="and" property="priority" >
        PRIORITY_ = #priority:DECIMAL#
      </isNotNull>
      <isNotNull prepend="and" property="create" >
        CREATE_ = #create:TIMESTAMP#
      </isNotNull>
      <isNotNull prepend="and" property="duedate" >
        DUEDATE_ = #duedate:TIMESTAMP#
      </isNotNull>
      <isNotNull prepend="and" property="progress" >
        PROGRESS_ = #progress:DECIMAL#
      </isNotNull>
      <isNotNull prepend="and" property="signalling" >
        SIGNALLING_ = #signalling:DECIMAL#
      </isNotNull>
      <isNotNull prepend="and" property="executionId" >
        EXECUTION_ID_ = #executionId:VARCHAR#
      </isNotNull>
      <isNotNull prepend="and" property="activityName" >
        ACTIVITY_NAME_ = #activityName:VARCHAR#
      </isNotNull>
      <isNotNull prepend="and" property="hasvars" >
        HASVARS_ = #hasvars:DECIMAL#
      </isNotNull>
      <isNotNull prepend="and" property="supertask" >
        SUPERTASK_ = #supertask:DECIMAL#
      </isNotNull>
      <isNotNull prepend="and" property="execution" >
        EXECUTION_ = #execution:DECIMAL#
      </isNotNull>
      <isNotNull prepend="and" property="procinst" >
        PROCINST_ = #procinst:DECIMAL#
      </isNotNull>
      <isNotNull prepend="and" property="swimlane" >
        SWIMLANE_ = #swimlane:DECIMAL#
      </isNotNull>
      <isNotNull prepend="and" property="taskdefname" >
        TASKDEFNAME_ = #taskdefname:VARCHAR#
      </isNotNull>
    </dynamic>
  </select>
  <update id="abatorgenerated_updateByExampleSelective" >
    <!--通过查询实例，更新非null字段-->
    update JBPM4_TASK
    <dynamic prepend="set" >
      <isNotNull prepend="," property="record.dbid" >
        DBID_ = #record.dbid:DECIMAL:-9999#
      </isNotNull>
      <isNotNull prepend="," property="record.class" >
        CLASS_ = #record.classType:CHAR#
      </isNotNull>
      <isNotNull prepend="," property="record.dbversion" >
        DBVERSION_ = #record.dbversion:DECIMAL:-9999#
      </isNotNull>
      <isNotNull prepend="," property="record.name" >
        NAME_ = #record.name:VARCHAR#
      </isNotNull>
      <isNotNull prepend="," property="record.descr" >
        DESCR_ = #record.descr:OTHER#
      </isNotNull>
      <isNotNull prepend="," property="record.state" >
        STATE_ = #record.state:VARCHAR#
      </isNotNull>
      <isNotNull prepend="," property="record.susphiststate" >
        SUSPHISTSTATE_ = #record.susphiststate:VARCHAR#
      </isNotNull>
      <isNotNull prepend="," property="record.assignee" >
        ASSIGNEE_ = #record.assignee:VARCHAR#
      </isNotNull>
      <isNotNull prepend="," property="record.form" >
        FORM_ = #record.form:VARCHAR#
      </isNotNull>
      <isNotNull prepend="," property="record.priority" >
        PRIORITY_ = #record.priority:DECIMAL:-9999#
      </isNotNull>
      <isNotNull prepend="," property="record.create" >
        CREATE_ = #record.create:TIMESTAMP#
      </isNotNull>
      <isNotNull prepend="," property="record.duedate" >
        DUEDATE_ = #record.duedate:TIMESTAMP#
      </isNotNull>
      <isNotNull prepend="," property="record.progress" >
        PROGRESS_ = #record.progress:DECIMAL:-9999#
      </isNotNull>
      <isNotNull prepend="," property="record.signalling" >
        SIGNALLING_ = #record.signalling:DECIMAL:-9999#
      </isNotNull>
      <isNotNull prepend="," property="record.executionId" >
        EXECUTION_ID_ = #record.executionId:VARCHAR#
      </isNotNull>
      <isNotNull prepend="," property="record.activityName" >
        ACTIVITY_NAME_ = #record.activityName:VARCHAR#
      </isNotNull>
      <isNotNull prepend="," property="record.hasvars" >
        HASVARS_ = #record.hasvars:DECIMAL:-9999#
      </isNotNull>
      <isNotNull prepend="," property="record.supertask" >
        SUPERTASK_ = #record.supertask:DECIMAL:-9999#
      </isNotNull>
      <isNotNull prepend="," property="record.execution" >
        EXECUTION_ = #record.execution:DECIMAL:-9999#
      </isNotNull>
      <isNotNull prepend="," property="record.procinst" >
        PROCINST_ = #record.procinst:DECIMAL:-9999#
      </isNotNull>
      <isNotNull prepend="," property="record.swimlane" >
        SWIMLANE_ = #record.swimlane:DECIMAL:-9999#
      </isNotNull>
      <isNotNull prepend="," property="record.taskdefname" >
        TASKDEFNAME_ = #record.taskdefname:VARCHAR#
      </isNotNull>
    </dynamic>
    <isParameterPresent >
      <include refid="COMMON.abatorgenerated_Example_Where_Clause" />
    </isParameterPresent>
  </update>
  <update id="abatorgenerated_updateByExample" >
    <!--通过查询实例，更新全部字段-->
    update JBPM4_TASK
    set DBID_ = #record.dbid:DECIMAL:-9999#,
      CLASS_ = #record.classType:CHAR#,
      DBVERSION_ = #record.dbversion:DECIMAL:-9999#,
      NAME_ = #record.name:VARCHAR#,
      DESCR_ = #record.descr:OTHER#,
      STATE_ = #record.state:VARCHAR#,
      SUSPHISTSTATE_ = #record.susphiststate:VARCHAR#,
      ASSIGNEE_ = #record.assignee:VARCHAR#,
      FORM_ = #record.form:VARCHAR#,
      PRIORITY_ = #record.priority:DECIMAL:-9999#,
      CREATE_ = #record.create:TIMESTAMP#,
      DUEDATE_ = #record.duedate:TIMESTAMP#,
      PROGRESS_ = #record.progress:DECIMAL:-9999#,
      SIGNALLING_ = #record.signalling:DECIMAL:-9999#,
      EXECUTION_ID_ = #record.executionId:VARCHAR#,
      ACTIVITY_NAME_ = #record.activityName:VARCHAR#,
      HASVARS_ = #record.hasvars:DECIMAL:-9999#,
      SUPERTASK_ = #record.supertask:DECIMAL:-9999#,
      EXECUTION_ = #record.execution:DECIMAL:-9999#,
      PROCINST_ = #record.procinst:DECIMAL:-9999#,
      SWIMLANE_ = #record.swimlane:DECIMAL:-9999#,
      TASKDEFNAME_ = #record.taskdefname:VARCHAR#
    <isParameterPresent >
      <include refid="COMMON.abatorgenerated_Example_Where_Clause" />
    </isParameterPresent>
  </update>
  <update id="abatorgenerated_updateEntityByTemplate" >
    <!--根据Bean数据模板查询条件更新记录-->
    update JBPM4_TASK
    <dynamic prepend="set" >
      <isNotEmpty prepend="," property="record.dbid" >
        DBID_ = #record.dbid:DECIMAL:-9999#
      </isNotEmpty>
      <isNotEmpty prepend="," property="record.class" >
        CLASS_ = #record.classType:CHAR#
      </isNotEmpty>
      <isNotEmpty prepend="," property="record.dbversion" >
        DBVERSION_ = #record.dbversion:DECIMAL:-9999#
      </isNotEmpty>
      <isNotEmpty prepend="," property="record.name" >
        NAME_ = #record.name:VARCHAR#
      </isNotEmpty>
      <isNotEmpty prepend="," property="record.descr" >
        DESCR_ = #record.descr:OTHER#
      </isNotEmpty>
      <isNotEmpty prepend="," property="record.state" >
        STATE_ = #record.state:VARCHAR#
      </isNotEmpty>
      <isNotEmpty prepend="," property="record.susphiststate" >
        SUSPHISTSTATE_ = #record.susphiststate:VARCHAR#
      </isNotEmpty>
      <isNotEmpty prepend="," property="record.assignee" >
        ASSIGNEE_ = #record.assignee:VARCHAR#
      </isNotEmpty>
      <isNotEmpty prepend="," property="record.form" >
        FORM_ = #record.form:VARCHAR#
      </isNotEmpty>
      <isNotEmpty prepend="," property="record.priority" >
        PRIORITY_ = #record.priority:DECIMAL:-9999#
      </isNotEmpty>
      <isNotEmpty prepend="," property="record.create" >
        CREATE_ = #record.create:TIMESTAMP#
      </isNotEmpty>
      <isNotEmpty prepend="," property="record.duedate" >
        DUEDATE_ = #record.duedate:TIMESTAMP#
      </isNotEmpty>
      <isNotEmpty prepend="," property="record.progress" >
        PROGRESS_ = #record.progress:DECIMAL:-9999#
      </isNotEmpty>
      <isNotEmpty prepend="," property="record.signalling" >
        SIGNALLING_ = #record.signalling:DECIMAL:-9999#
      </isNotEmpty>
      <isNotEmpty prepend="," property="record.executionId" >
        EXECUTION_ID_ = #record.executionId:VARCHAR#
      </isNotEmpty>
      <isNotEmpty prepend="," property="record.activityName" >
        ACTIVITY_NAME_ = #record.activityName:VARCHAR#
      </isNotEmpty>
      <isNotEmpty prepend="," property="record.hasvars" >
        HASVARS_ = #record.hasvars:DECIMAL:-9999#
      </isNotEmpty>
      <isNotEmpty prepend="," property="record.supertask" >
        SUPERTASK_ = #record.supertask:DECIMAL:-9999#
      </isNotEmpty>
      <isNotEmpty prepend="," property="record.execution" >
        EXECUTION_ = #record.execution:DECIMAL:-9999#
      </isNotEmpty>
      <isNotEmpty prepend="," property="record.procinst" >
        PROCINST_ = #record.procinst:DECIMAL:-9999#
      </isNotEmpty>
      <isNotEmpty prepend="," property="record.swimlane" >
        SWIMLANE_ = #record.swimlane:DECIMAL:-9999#
      </isNotEmpty>
      <isNotEmpty prepend="," property="record.taskdefname" >
        TASKDEFNAME_ = #record.taskdefname:VARCHAR#
      </isNotEmpty>
    </dynamic>
    <dynamic prepend="where" >
      <isNotEmpty prepend="and" property="template.dbid" >
        DBID_ = #template.dbid:DECIMAL#
      </isNotEmpty>
      <isNotEmpty prepend="and" property="template.class" >
        CLASS_ = #template.classType:CHAR#
      </isNotEmpty>
      <isNotEmpty prepend="and" property="template.dbversion" >
        DBVERSION_ = #template.dbversion:DECIMAL#
      </isNotEmpty>
      <isNotEmpty prepend="and" property="template.name" >
        NAME_ = #template.name:VARCHAR#
      </isNotEmpty>
      <isNotEmpty prepend="and" property="template.descr" >
        DESCR_ = #template.descr:OTHER#
      </isNotEmpty>
      <isNotEmpty prepend="and" property="template.state" >
        STATE_ = #template.state:VARCHAR#
      </isNotEmpty>
      <isNotEmpty prepend="and" property="template.susphiststate" >
        SUSPHISTSTATE_ = #template.susphiststate:VARCHAR#
      </isNotEmpty>
      <isNotEmpty prepend="and" property="template.assignee" >
        ASSIGNEE_ = #template.assignee:VARCHAR#
      </isNotEmpty>
      <isNotEmpty prepend="and" property="template.form" >
        FORM_ = #template.form:VARCHAR#
      </isNotEmpty>
      <isNotEmpty prepend="and" property="template.priority" >
        PRIORITY_ = #template.priority:DECIMAL#
      </isNotEmpty>
      <isNotEmpty prepend="and" property="template.create" >
        CREATE_ = #template.create:TIMESTAMP#
      </isNotEmpty>
      <isNotEmpty prepend="and" property="template.duedate" >
        DUEDATE_ = #template.duedate:TIMESTAMP#
      </isNotEmpty>
      <isNotEmpty prepend="and" property="template.progress" >
        PROGRESS_ = #template.progress:DECIMAL#
      </isNotEmpty>
      <isNotEmpty prepend="and" property="template.signalling" >
        SIGNALLING_ = #template.signalling:DECIMAL#
      </isNotEmpty>
      <isNotEmpty prepend="and" property="template.executionId" >
        EXECUTION_ID_ = #template.executionId:VARCHAR#
      </isNotEmpty>
      <isNotEmpty prepend="and" property="template.activityName" >
        ACTIVITY_NAME_ = #template.activityName:VARCHAR#
      </isNotEmpty>
      <isNotEmpty prepend="and" property="template.hasvars" >
        HASVARS_ = #template.hasvars:DECIMAL#
      </isNotEmpty>
      <isNotEmpty prepend="and" property="template.supertask" >
        SUPERTASK_ = #template.supertask:DECIMAL#
      </isNotEmpty>
      <isNotEmpty prepend="and" property="template.execution" >
        EXECUTION_ = #template.execution:DECIMAL#
      </isNotEmpty>
      <isNotEmpty prepend="and" property="template.procinst" >
        PROCINST_ = #template.procinst:DECIMAL#
      </isNotEmpty>
      <isNotEmpty prepend="and" property="template.swimlane" >
        SWIMLANE_ = #template.swimlane:DECIMAL#
      </isNotEmpty>
      <isNotEmpty prepend="and" property="template.taskdefname" >
        TASKDEFNAME_ = #template.taskdefname:VARCHAR#
      </isNotEmpty>
    </dynamic>
  </update>
  <select id="abatorgenerated_selectByMapAndPage" resultMap="abatorgenerated_Jbpm4Task_HashMapResult" parameterClass="java.util.HashMap" >
    <!--通过Map方式的动态条件，查询分页数据-->
    select DBID_, CLASS_, DBVERSION_, NAME_, DESCR_, STATE_, SUSPHISTSTATE_, ASSIGNEE_, FORM_,
      PRIORITY_, CREATE_, DUEDATE_, PROGRESS_, SIGNALLING_, EXECUTION_ID_, ACTIVITY_NAME_, HASVARS_,
      SUPERTASK_, EXECUTION_, PROCINST_, SWIMLANE_, TASKDEFNAME_
    from JBPM4_TASK
    <dynamic prepend="where" >
      <isNotNull prepend="and" property="dbid" >
        DBID_ = #dbid:DECIMAL#
      </isNotNull>
      <isNotNull prepend="and" property="classType" >
        CLASS_ = #classType:CHAR#
      </isNotNull>
      <isNotNull prepend="and" property="dbversion" >
        DBVERSION_ = #dbversion:DECIMAL#
      </isNotNull>
      <isNotNull prepend="and" property="name" >
        NAME_ = #name:VARCHAR#
      </isNotNull>
      <isNotNull prepend="and" property="descr" >
        DESCR_ = #descr:OTHER#
      </isNotNull>
      <isNotNull prepend="and" property="state" >
        STATE_ = #state:VARCHAR#
      </isNotNull>
      <isNotNull prepend="and" property="susphiststate" >
        SUSPHISTSTATE_ = #susphiststate:VARCHAR#
      </isNotNull>
      <isNotNull prepend="and" property="assignee" >
        ASSIGNEE_ = #assignee:VARCHAR#
      </isNotNull>
      <isNotNull prepend="and" property="form" >
        FORM_ = #form:VARCHAR#
      </isNotNull>
      <isNotNull prepend="and" property="priority" >
        PRIORITY_ = #priority:DECIMAL#
      </isNotNull>
      <isNotNull prepend="and" property="create" >
        CREATE_ = #create:TIMESTAMP#
      </isNotNull>
      <isNotNull prepend="and" property="duedate" >
        DUEDATE_ = #duedate:TIMESTAMP#
      </isNotNull>
      <isNotNull prepend="and" property="progress" >
        PROGRESS_ = #progress:DECIMAL#
      </isNotNull>
      <isNotNull prepend="and" property="signalling" >
        SIGNALLING_ = #signalling:DECIMAL#
      </isNotNull>
      <isNotNull prepend="and" property="executionId" >
        EXECUTION_ID_ = #executionId:VARCHAR#
      </isNotNull>
      <isNotNull prepend="and" property="activityName" >
        ACTIVITY_NAME_ = #activityName:VARCHAR#
      </isNotNull>
      <isNotNull prepend="and" property="hasvars" >
        HASVARS_ = #hasvars:DECIMAL#
      </isNotNull>
      <isNotNull prepend="and" property="supertask" >
        SUPERTASK_ = #supertask:DECIMAL#
      </isNotNull>
      <isNotNull prepend="and" property="execution" >
        EXECUTION_ = #execution:DECIMAL#
      </isNotNull>
      <isNotNull prepend="and" property="procinst" >
        PROCINST_ = #procinst:DECIMAL#
      </isNotNull>
      <isNotNull prepend="and" property="swimlane" >
        SWIMLANE_ = #swimlane:DECIMAL#
      </isNotNull>
      <isNotNull prepend="and" property="taskdefname" >
        TASKDEFNAME_ = #taskdefname:VARCHAR#
      </isNotNull>
    </dynamic>
  </select>
  <select id="abatorgenerated_selectByExampleAndPage" resultMap="abatorgenerated_Jbpm4TaskResult" parameterClass="com.gotop.jbpm.model.Jbpm4TaskExample" >
    <!--通过Bean方式的动态条件，查询分页数据-->
    select DBID_, CLASS_, DBVERSION_, NAME_, DESCR_, STATE_, SUSPHISTSTATE_, ASSIGNEE_, FORM_,
      PRIORITY_, CREATE_, DUEDATE_, PROGRESS_, SIGNALLING_, EXECUTION_ID_, ACTIVITY_NAME_, HASVARS_,
      SUPERTASK_, EXECUTION_, PROCINST_, SWIMLANE_, TASKDEFNAME_
    from JBPM4_TASK
    <isParameterPresent >
      <include refid="COMMON.abatorgenerated_Example_Where_Clause" />
    </isParameterPresent>
  </select>
</sqlMap>