<?xml version="1.0" encoding="UTF-8" ?>
<!DOCTYPE sqlMap PUBLIC "-//ibatis.apache.org//DTD SQL Map 2.0//EN" "http://ibatis.apache.org/dtd/sql-map-2.dtd" >
<sqlMap namespace="T_PROCESS_BUSINESS_CONFIG_SqlMap" >
  <resultMap id="abatorgenerated_TProcessBusinessConfigResult" class="com.gotop.jbpm.model.TProcessBusinessConfig" >
    <!--Bean方式返回全表-->
    <result column="ID" property="id" jdbcType="DECIMAL" />
    <result column="BUSINESS_TYPE" property="businessType" jdbcType="VARCHAR" />
    <result column="BUSINESS_COLUMN" property="businessColumn" jdbcType="VARCHAR" />
    <result column="BUSINESS_TABLE" property="businessTable" jdbcType="VARCHAR" />
  </resultMap>
  <resultMap id="abatorgenerated_TProcessBusinessConfig_HashMapResult" class="java.util.HashMap" >
    <!--HashMap方式返回全表-->
    <result column="ID" property="id" jdbcType="DECIMAL" />
    <result column="BUSINESS_TYPE" property="businessType" jdbcType="VARCHAR" />
    <result column="BUSINESS_COLUMN" property="businessColumn" jdbcType="VARCHAR" />
    <result column="BUSINESS_TABLE" property="businessTable" jdbcType="VARCHAR" />
  </resultMap>
  <select id="abatorgenerated_selectByPrimaryKey" resultMap="abatorgenerated_TProcessBusinessConfigResult" parameterClass="com.gotop.jbpm.model.TProcessBusinessConfig" >
    <!--通过主键查询一条数据-->
    select ID, BUSINESS_TYPE, BUSINESS_COLUMN, BUSINESS_TABLE
    from T_PROCESS_BUSINESS_CONFIG
    where ID = #id:DECIMAL#
  </select>
  <select id="abatorgenerated_selectByExample" resultMap="abatorgenerated_TProcessBusinessConfigResult" parameterClass="com.gotop.jbpm.model.TProcessBusinessConfigExample" >
    <!--通过查询实体,查询满足条件的记录-->
    select ID, BUSINESS_TYPE, BUSINESS_COLUMN, BUSINESS_TABLE
    from T_PROCESS_BUSINESS_CONFIG
    <isParameterPresent >
      <include refid="COMMON.abatorgenerated_Example_Where_Clause" />
      <isNotNull property="orderByClause" >
        order by $orderByClause$
      </isNotNull>
    </isParameterPresent>
  </select>
  <select id="abatorgenerated_expandEntityByTemplate" resultMap="abatorgenerated_TProcessBusinessConfigResult" parameterClass="com.gotop.jbpm.model.TProcessBusinessConfig" >
    <!--根据Bean数据模板查询条件查询所有记录，可查询分页数据-->
    select ID, BUSINESS_TYPE, BUSINESS_COLUMN, BUSINESS_TABLE
    from T_PROCESS_BUSINESS_CONFIG where <![CDATA[ rownum<2 ]]>
    <dynamic >
      <isNotNull prepend="and" property="id" >
        ID = #id:DECIMAL#
      </isNotNull>
      <isNotNull prepend="and" property="businessType" >
        BUSINESS_TYPE = #businessType:VARCHAR#
      </isNotNull>
      <isNotNull prepend="and" property="businessColumn" >
        BUSINESS_COLUMN = #businessColumn:VARCHAR#
      </isNotNull>
      <isNotNull prepend="and" property="businessTable" >
        BUSINESS_TABLE = #businessTable:VARCHAR#
      </isNotNull>
    </dynamic>
  </select>
  <select id="abatorgenerated_queryEntitiesByTemplate" resultMap="abatorgenerated_TProcessBusinessConfigResult" parameterClass="com.gotop.jbpm.model.TProcessBusinessConfig" >
    <!--根据Bean数据模板查询条件查询所有记录，可查询分页数据-->
    select ID, BUSINESS_TYPE, BUSINESS_COLUMN, BUSINESS_TABLE
    from T_PROCESS_BUSINESS_CONFIG
    <dynamic prepend="where" >
      <isNotNull prepend="and" property="id" >
        ID = #id:DECIMAL#
      </isNotNull>
      <isNotNull prepend="and" property="businessType" >
        BUSINESS_TYPE = #businessType:VARCHAR#
      </isNotNull>
      <isNotNull prepend="and" property="businessColumn" >
        BUSINESS_COLUMN = #businessColumn:VARCHAR#
      </isNotNull>
      <isNotNull prepend="and" property="businessTable" >
        BUSINESS_TABLE = #businessTable:VARCHAR#
      </isNotNull>
    </dynamic>
  </select>
  <delete id="abatorgenerated_deleteByPrimaryKey" parameterClass="com.gotop.jbpm.model.TProcessBusinessConfig" >
    <!--
      WARNING - This element is automatically generated by Abator for iBATIS, do not modify.
      This element was generated on .
    -->
    <!--通过主键删除一条记录-->
    delete from T_PROCESS_BUSINESS_CONFIG
    where ID = #id:DECIMAL#
  </delete>
  <delete id="abatorgenerated_deleteByExample" parameterClass="com.gotop.jbpm.model.TProcessBusinessConfigExample" >
    <!--通过查询实例，删除满足条件的数据-->
    delete from T_PROCESS_BUSINESS_CONFIG
    <include refid="COMMON.abatorgenerated_Example_Where_Clause" />
  </delete>
  <delete id="abatorgenerated_deleteByTemplate" parameterClass="com.gotop.jbpm.model.TProcessBusinessConfig" >
    <!--根据Bean数据模板查询条件删除记录-->
    delete from T_PROCESS_BUSINESS_CONFIG
    <dynamic prepend="where" >
      <isNotEmpty prepend="and" property="id" >
        ID = #id:DECIMAL#
      </isNotEmpty>
      <isNotEmpty prepend="and" property="businessType" >
        BUSINESS_TYPE = #businessType:VARCHAR#
      </isNotEmpty>
      <isNotEmpty prepend="and" property="businessColumn" >
        BUSINESS_COLUMN = #businessColumn:VARCHAR#
      </isNotEmpty>
      <isNotEmpty prepend="and" property="businessTable" >
        BUSINESS_TABLE = #businessTable:VARCHAR#
      </isNotEmpty>
    </dynamic>
  </delete>
  <insert id="abatorgenerated_insert" parameterClass="com.gotop.jbpm.model.TProcessBusinessConfig" >
    <!--通过主键更新整条数据-->
    insert into T_PROCESS_BUSINESS_CONFIG (ID, BUSINESS_TYPE, BUSINESS_COLUMN, BUSINESS_TABLE)
    values (#id:DECIMAL:-9999#, #businessType:VARCHAR#, #businessColumn:VARCHAR#,
      #businessTable:VARCHAR#)
  </insert>
  <update id="abatorgenerated_updateByPrimaryKey" parameterClass="com.gotop.jbpm.model.TProcessBusinessConfig" >
    <!--通过主键更新一条全部字段内容-->
    update T_PROCESS_BUSINESS_CONFIG
    set BUSINESS_TYPE = #businessType:VARCHAR#,
      BUSINESS_COLUMN = #businessColumn:VARCHAR#,
      BUSINESS_TABLE = #businessTable:VARCHAR#
    where ID = #id:DECIMAL#
  </update>
  <update id="abatorgenerated_updateByPrimaryKeySelective" parameterClass="com.gotop.jbpm.model.TProcessBusinessConfig" >
    <!--通过主键更新部分字段，部分字段说明：当字段为null时不更新，当字段值为''空值是更新为空值-->
    update T_PROCESS_BUSINESS_CONFIG
    <dynamic prepend="set" >
      <isNotNull prepend="," property="businessType" >
        BUSINESS_TYPE = #businessType:VARCHAR#
      </isNotNull>
      <isNotNull prepend="," property="businessColumn" >
        BUSINESS_COLUMN = #businessColumn:VARCHAR#
      </isNotNull>
      <isNotNull prepend="," property="businessTable" >
        BUSINESS_TABLE = #businessTable:VARCHAR#
      </isNotNull>
    </dynamic>
    where ID = #id:DECIMAL#
  </update>
  <select id="abatorgenerated_countByExample" parameterClass="com.gotop.jbpm.model.TProcessBusinessConfigExample" resultClass="java.lang.Integer" >
    <!--通过查询实例，统计总数-->
    select count(*) from T_PROCESS_BUSINESS_CONFIG
    <include refid="COMMON.abatorgenerated_Example_Where_Clause" />
  </select>
  <select id="abatorgenerated_countByTemplate" parameterClass="com.gotop.jbpm.model.TProcessBusinessConfig" resultClass="java.lang.Integer" >
    <!--通过查询Bean数据模板，统计总数-->
    select count(*) from T_PROCESS_BUSINESS_CONFIG
    <dynamic prepend="where" >
      <isNotNull prepend="and" property="id" >
        ID = #id:DECIMAL#
      </isNotNull>
      <isNotNull prepend="and" property="businessType" >
        BUSINESS_TYPE = #businessType:VARCHAR#
      </isNotNull>
      <isNotNull prepend="and" property="businessColumn" >
        BUSINESS_COLUMN = #businessColumn:VARCHAR#
      </isNotNull>
      <isNotNull prepend="and" property="businessTable" >
        BUSINESS_TABLE = #businessTable:VARCHAR#
      </isNotNull>
    </dynamic>
  </select>
  <update id="abatorgenerated_updateByExampleSelective" >
    <!--通过查询实例，更新非null字段-->
    update T_PROCESS_BUSINESS_CONFIG
    <dynamic prepend="set" >
      <isNotNull prepend="," property="record.id" >
        ID = #record.id:DECIMAL:-9999#
      </isNotNull>
      <isNotNull prepend="," property="record.businessType" >
        BUSINESS_TYPE = #record.businessType:VARCHAR#
      </isNotNull>
      <isNotNull prepend="," property="record.businessColumn" >
        BUSINESS_COLUMN = #record.businessColumn:VARCHAR#
      </isNotNull>
      <isNotNull prepend="," property="record.businessTable" >
        BUSINESS_TABLE = #record.businessTable:VARCHAR#
      </isNotNull>
    </dynamic>
    <isParameterPresent >
      <include refid="COMMON.abatorgenerated_Example_Where_Clause" />
    </isParameterPresent>
  </update>
  <update id="abatorgenerated_updateByExample" >
    <!--通过查询实例，更新全部字段-->
    update T_PROCESS_BUSINESS_CONFIG
    set ID = #record.id:DECIMAL:-9999#,
      BUSINESS_TYPE = #record.businessType:VARCHAR#,
      BUSINESS_COLUMN = #record.businessColumn:VARCHAR#,
      BUSINESS_TABLE = #record.businessTable:VARCHAR#
    <isParameterPresent >
      <include refid="COMMON.abatorgenerated_Example_Where_Clause" />
    </isParameterPresent>
  </update>
  <update id="abatorgenerated_updateEntityByTemplate" >
    <!--根据Bean数据模板查询条件更新记录-->
    update T_PROCESS_BUSINESS_CONFIG
    <dynamic prepend="set" >
      <isNotEmpty prepend="," property="record.id" >
        ID = #record.id:DECIMAL:-9999#
      </isNotEmpty>
      <isNotEmpty prepend="," property="record.businessType" >
        BUSINESS_TYPE = #record.businessType:VARCHAR#
      </isNotEmpty>
      <isNotEmpty prepend="," property="record.businessColumn" >
        BUSINESS_COLUMN = #record.businessColumn:VARCHAR#
      </isNotEmpty>
      <isNotEmpty prepend="," property="record.businessTable" >
        BUSINESS_TABLE = #record.businessTable:VARCHAR#
      </isNotEmpty>
    </dynamic>
    <dynamic prepend="where" >
      <isNotEmpty prepend="and" property="template.id" >
        ID = #template.id:DECIMAL#
      </isNotEmpty>
      <isNotEmpty prepend="and" property="template.businessType" >
        BUSINESS_TYPE = #template.businessType:VARCHAR#
      </isNotEmpty>
      <isNotEmpty prepend="and" property="template.businessColumn" >
        BUSINESS_COLUMN = #template.businessColumn:VARCHAR#
      </isNotEmpty>
      <isNotEmpty prepend="and" property="template.businessTable" >
        BUSINESS_TABLE = #template.businessTable:VARCHAR#
      </isNotEmpty>
    </dynamic>
  </update>
  <select id="abatorgenerated_selectByMapAndPage" resultMap="abatorgenerated_TProcessBusinessConfig_HashMapResult" parameterClass="java.util.HashMap" >
    <!--通过Map方式的动态条件，查询分页数据-->
    select ID, BUSINESS_TYPE, BUSINESS_COLUMN, BUSINESS_TABLE
    from T_PROCESS_BUSINESS_CONFIG
    <dynamic prepend="where" >
      <isNotNull prepend="and" property="id" >
        ID = #id:DECIMAL#
      </isNotNull>
      <isNotNull prepend="and" property="businessType" >
        BUSINESS_TYPE = #businessType:VARCHAR#
      </isNotNull>
      <isNotNull prepend="and" property="businessColumn" >
        BUSINESS_COLUMN = #businessColumn:VARCHAR#
      </isNotNull>
      <isNotNull prepend="and" property="businessTable" >
        BUSINESS_TABLE = #businessTable:VARCHAR#
      </isNotNull>
    </dynamic>
  </select>
  <select id="abatorgenerated_selectByExampleAndPage" resultMap="abatorgenerated_TProcessBusinessConfigResult" parameterClass="com.gotop.jbpm.model.TProcessBusinessConfigExample" >
    <!--通过Bean方式的动态条件，查询分页数据-->
    select ID, BUSINESS_TYPE, BUSINESS_COLUMN, BUSINESS_TABLE
    from T_PROCESS_BUSINESS_CONFIG
    <isParameterPresent >
      <include refid="COMMON.abatorgenerated_Example_Where_Clause" />
    </isParameterPresent>
  </select>
</sqlMap>