<?xml version="1.0" encoding="UTF-8" ?>
<!DOCTYPE sqlMap PUBLIC "-//ibatis.apache.org//DTD SQL Map 2.0//EN" "http://ibatis.apache.org/dtd/sql-map-2.dtd" >
<sqlMap namespace="T_PROCESS_TASK_EXE_CONFIG_SqlMap" >
  <resultMap id="abatorgenerated_TProcessTaskExeConfigResult" class="com.gotop.jbpm.model.TProcessTaskExeConfig" >
    <!--Bean方式返回全表-->
    <result column="ID" property="id" jdbcType="DECIMAL" />
    <result column="DEFINITION_ID" property="definitionId" jdbcType="VARCHAR" />
    <result column="ACTIVITY_NAME" property="activityName" jdbcType="VARCHAR" />
    <result column="TASK_ASS_ID" property="taskAssId" jdbcType="VARCHAR" />
    <result column="TASK_ASS_TYPE" property="taskAssType" jdbcType="VARCHAR" />
  </resultMap>
    <resultMap id="abatorgenerated_TProcessTaskExeConfigResult1" class="com.gotop.jbpm.model.TProcessTaskExeConfig" >
    <!--Bean方式返回全表-->
    <result column="ID" property="id" jdbcType="DECIMAL" />
    <result column="DEFINITION_ID" property="definitionId" jdbcType="VARCHAR" />
    <result column="ACTIVITY_NAME" property="activityName" jdbcType="VARCHAR" />
    <result column="TASK_ASS_ID" property="taskAssId" jdbcType="VARCHAR" />
    <result column="TASK_ASS_TYPE" property="taskAssType" jdbcType="VARCHAR" />
     <result column="ACT_SHOW_NAME" property="actShowName" jdbcType="VARCHAR" />
     <!-- 20140904 添加别名显示标志，用于提供审核通过的别名展示-->
     <result column="ACT_SHOW_FLAG" property="actShowFlag" jdbcType="VARCHAR" />
  </resultMap>
  
     <resultMap id="abatorgenerated_TProcessTaskExeConfigResult2" class="com.gotop.jbpm.model.TProcessTaskExeConfig" >
    <!--Bean方式返回全表-->
    <result column="ID" property="id" jdbcType="DECIMAL" />
    <result column="DEFINITION_ID" property="definitionId" jdbcType="VARCHAR" />
    <result column="ACTIVITY_NAME" property="activityName" jdbcType="VARCHAR" />
    <result column="TASK_ASS_ID" property="taskAssId" jdbcType="VARCHAR" />
    <result column="TASK_ASS_TYPE" property="taskAssType" jdbcType="VARCHAR" />
     <result column="ACT_SHOW_NAME" property="actShowName" jdbcType="VARCHAR" />
     <result column="BEFORE_NAME" property="beforeName" jdbcType="VARCHAR" />
  </resultMap>
  
      <resultMap id="abatorgenerated_TProcessTaskExeConfigResult3" class="com.gotop.jbpm.model.TProcessTaskExeConfig" >
    <!--Bean方式返回全表-->
    <result column="ID" property="id" jdbcType="DECIMAL" />
    <result column="DEFINITION_ID" property="definitionId" jdbcType="VARCHAR" />
    <result column="ACTIVITY_NAME" property="activityName" jdbcType="VARCHAR" />
    <result column="TASK_ASS_ID" property="taskAssId" jdbcType="VARCHAR" />
    <result column="TASK_ASS_TYPE" property="taskAssType" jdbcType="VARCHAR" />
     <result column="IS_RECORD_SUBMIT" property="isRecordSubmit" jdbcType="VARCHAR" />
  </resultMap>
  
  <resultMap id="abatorgenerated_TProcessTaskExeConfig_HashMapResult" class="java.util.HashMap" >
    <!--HashMap方式返回全表-->
    <result column="ID" property="id" jdbcType="DECIMAL" />
   <result column="DEFINITION_ID" property="definitionId" jdbcType="VARCHAR" />
    <result column="ACTIVITY_NAME" property="activityName" jdbcType="VARCHAR" />
    <result column="TASK_ASS_ID" property="taskAssId" jdbcType="VARCHAR" />
    <result column="TASK_ASS_TYPE" property="taskAssType" jdbcType="VARCHAR" />
     <result column="empId" property="empId" jdbcType="DECIMAL" />
  </resultMap>
  
   <resultMap id="abatorgenerated_hashMap" class="java.util.HashMap" >
    <!--HashMap方式返回全表-->
     <result column="empId" property="empId" jdbcType="DECIMAL" />
      <result column="empName" property="empName" jdbcType="VARCHAR" />
  </resultMap>
  
    <resultMap id="abatorgenerated_ObjecthashMap" class="java.util.HashMap" >
    <!--HashMap方式返回全表-->
     <result column="objId" property="objId" jdbcType="DECIMAL" />
      <result column="objName" property="objName" jdbcType="VARCHAR" />
  </resultMap>

	<select id="judgeTaskNameConfig" resultMap="abatorgenerated_TProcessTaskExeConfigResult2"
		parameterClass="java.util.HashMap">
		select ID,DEFINITION_ID,ACTIVITY_NAME,TASK_ASS_ID,TASK_ASS_TYPE,ACT_SHOW_NAME,BEFORE_NAME
		from T_PROCESS_TASK_EXE_CONFIG 
		where definition_id='$definitionId$' 
		and activity_name='$destinationName$'
		 <isNotNull prepend="and" property="beforeName" >
       before_name='$beforeName$'
      </isNotNull>
	</select>
	
	 <insert id="abatorgenerated_insert1" parameterClass="com.gotop.jbpm.model.TProcessTaskExeConfig" >
      <selectKey resultClass="long" keyProperty="id">
		SELECT T_PROCESS_TASK_EXE_CONFIG_SEQ.NEXTVAL AS VALUE FROM DUAL
		</selectKey>
    insert into T_PROCESS_TASK_EXE_CONFIG (ID, DEFINITION_ID, ACTIVITY_NAME, TASK_ASS_ID,
      TASK_ASS_TYPE,ACT_SHOW_NAME,BEFORE_NAME,IS_RECORD_SUBMIT)
    values (#id:DECIMAL:-9999#, #definitionId:VARCHAR#, #activityName:VARCHAR#,
      #taskAssId:DECIMAL:-9999#, #taskAssType:VARCHAR#,#actShowName:VARCHAR#,#beforeName:VARCHAR#,#isRecordSubmit:VARCHAR#)
  </insert>
	
	<update id="abatorgenerated_updateByPrimaryKey1" parameterClass="com.gotop.jbpm.model.TProcessTaskExeConfig" >
    <!--通过主键更新一条全部字段内容-->
    update T_PROCESS_TASK_EXE_CONFIG
    set DEFINITION_ID = #definitionId:VARCHAR#,
      ACTIVITY_NAME = #activityName:VARCHAR#,
      TASK_ASS_ID = #taskAssId:DECIMAL:-9999#,
      TASK_ASS_TYPE = #taskAssType:VARCHAR#,
      BEFORE_NAME = #beforeName:VARCHAR#,
       ACT_SHOW_NAME = #actShowName:VARCHAR#
    where ID = #id:DECIMAL#
  </update>
    
   <select id="getPosition" resultMap="abatorgenerated_ObjecthashMap"  parameterClass="java.util.HashMap" >
       select t.positionid as objId,t.posiname as objName from om_position t where t.positionid='$objId$'
   </select>
   
   <select id="getEmp1" resultMap="abatorgenerated_ObjecthashMap"  parameterClass="java.util.HashMap" >
      select t.empid as objId,t.empname as objName from om_employee t where t.empid='$objId$'
   </select>
   
    <select id="getOrg" resultMap="abatorgenerated_ObjecthashMap"  parameterClass="java.util.HashMap" >
       select t.orgid as objId,t.orgname as objName from om_organization t where t.orgid='$objId$'
   </select>
  
  <!-- 查询节点执行人配置 -->
  <select id="getNextTaskAssigneeConfigs"  resultMap="abatorgenerated_TProcessTaskExeConfigResult1"  parameterClass="java.util.HashMap" >
      select t3.*
  from t_process_config          t1,
       t_process_task_exe_config t3
  where 
  t1.definition_id=t3.definition_id
  and t3.definition_id = '$definitionId$'
  and t3.activity_name = '$targetName$'
  </select>
  
    <!-- 查询节点执行人配置 -->
  <select id="getNextTaskAssigneeConfigs2"  resultMap="abatorgenerated_TProcessTaskExeConfigResult1"  parameterClass="java.util.HashMap" >
      select t3.*
  from t_process_config          t1,
       t_process_task_exe_config t3
  where 
  t1.definition_id=t3.definition_id
  and t3.definition_id = '$definitionId$'
  and t3.activity_name = '$targetName$'
   and t3.before_name = '$beforeName$'
  </select>
  
     <!-- 01 指定岗位(分行领导，行领导) -->
  <select id="getEmpPosition"  resultMap="abatorgenerated_hashMap"  parameterClass="java.util.HashMap" >
select t2.empid as empId ,t3.empname as empName 
from 
OM_POSITION t1,
OM_EMPPOSITION t2 ,
om_employee t3
where 
t2.positionid= t1.positionid
and t2.empid=t3.empid
and t1.positionid='$positionId$'
  </select>
  
<!-- 03 指定部门-部门领导 -->
 <select id="getEmpOrgByPosition" resultMap="abatorgenerated_hashMap"  parameterClass="java.util.HashMap" >
select t5.empid as empId,t5.empname as empName from om_organization t3,om_emporg t4,om_employee t5,om_empposition t6,om_position t7
where 
t3.orgid='$orgId$'
and t3.orgid=t4.orgid
and t4.empid=t5.empid
and t5.empid=t6.empid
and t7.positionid = t6.positionid
and t7.positionid='3'
 </select>
 <!-- 07 主要负责人 -->
  <select id="getEmpOrgByMain" resultMap="abatorgenerated_hashMap"  parameterClass="java.util.HashMap" >
      select t5.empid as empId,t5.empname as empName from om_organization t3,om_emporg t4,om_employee t5,om_empposition t6,om_position t7
where 
t3.orgid='$orgId$'
and t3.orgid=t4.orgid
and t4.empid=t5.empid
and t5.empid=t6.empid
and t7.positionid = t6.positionid
and t7.positionid='41'
  </select>
    <!-- 04 起草人所属机构的部门领导 -->
  <select id="getEmpPositionByOrg"  resultMap="abatorgenerated_hashMap"  parameterClass="java.util.HashMap" >
select t2.empid as empId ,t3.empname as empName 
from 
OM_POSITION t1,
OM_EMPPOSITION t2 ,
om_employee t3,
om_emporg t4
where 
t2.positionid= t1.positionid
and t2.empid=t3.empid
and t1.positionid='$positionId$'
and t3.empid=t4.empid
and t4.orgid='$orgId$'
  </select>
  
   <!-- 12 起草部门上一级机构负责人 -->
  <select id="getEmpPositionByOrg2"  resultMap="abatorgenerated_hashMap"  parameterClass="java.util.HashMap" >
select t2.empid as empId, t3.empname as empName
  from OM_POSITION     t1,
       OM_EMPPOSITION  t2,
       om_employee     t3,
       om_emporg       t4,
       om_organization t5
 where t2.positionid = t1.positionid
   and t2.empid = t3.empid
   and t3.empid = t4.empid
   and t4.orgid = t5.orgid
   and t1.positionid in ('3','4')
   and t5.orgid = (select parentorgid
                     from om_organization
                    where orgid = (select orgid
                                           from om_emporg
                                          where orgid = '$orgId$'
                                          group by orgid)
                    group by parentorgid)
  </select>
      <!-- 05 起草人-->
  <select id="getEmp"  resultMap="abatorgenerated_hashMap"  parameterClass="java.util.HashMap" >
<!-- select t3.empid as empId,t3.empname as empName 
from t_process_config t1,
     t_process_config_person t2,
     om_employee t3
where t1.id=t2.process_config_id
and t1.definition_id='$definitionId$'
and t2.relation_id ='$empId$'
and t2.relation_id=t3.empid -->

with tmp as(select orgid from om_organization a start with orgid =#orgId# connect by PRIOR parentorgid=orgid),
tmp1 as(select positionid from om_empposition b where b.empid=#empId#)
select t3.empid as empId,t3.empname as empName 
from t_process_config t1,
     t_process_config_person t2,
     om_employee t3
where t1.id=t2.process_config_id
and t1.definition_id=#definitionId#
 and ( t2.RELATION_ID =#empId#
       or exists (select orgid from tmp where orgid=t2.relation_id)
        or exists (select positionid from tmp1 where positionid=t2.relation_id)
       )
and t3.empid=#empId#
  </select>
  
    
   <!-- 查询机构关联执行人配置 -->
 <select id="getEmpOrg"  resultMap="abatorgenerated_hashMap"  parameterClass="java.util.HashMap" >
select t1.empid as empId,t2.empname as empName from om_emporg t1,om_employee t2,om_empposition t3
where t1.orgid = '$orgId$'
and t1.empid=t2.empid
and t1.empid=t3.empid
 </select>

  
   <!-- 查询角色关联执行人配置 -->
  <select id="getEmpRole"  resultMap="abatorgenerated_hashMap"  parameterClass="java.util.HashMap" >
select t2.empid as empId,t3.empname as empName from ac_operatorrole t1,ac_operator t2,om_employee t3
where t1.roleid = '$roleId$'
and t1.operatorid= t2.operatorid
and t2.empid=t3.empid
and t3.orgid='$orgId$'
  </select>
  
  <select id="getTaskExeConfig"  resultMap="abatorgenerated_TProcessTaskExeConfigResult3"  parameterClass="java.util.HashMap" >
	select t.id,t.definition_id,t.activity_name,t.task_ass_id,t.task_ass_type,t.IS_RECORD_SUBMIT
	from t_process_task_exe_config t where t.definition_id='$definitionId$' and
	t.activity_name='$activityName$'
  </select>
  
  <select id="abatorgenerated_selectByPrimaryKey" resultMap="abatorgenerated_TProcessTaskExeConfigResult" parameterClass="com.gotop.jbpm.model.TProcessTaskExeConfig" >
    <!--通过主键查询一条数据-->
    select ID, DEFINITION_ID, ACTIVITY_NAME, TASK_ASS_ID, TASK_ASS_TYPE
    from T_PROCESS_TASK_EXE_CONFIG
    where ID = #id:DECIMAL#
  </select>
  <select id="abatorgenerated_selectByExample" resultMap="abatorgenerated_TProcessTaskExeConfigResult" parameterClass="com.gotop.jbpm.model.TProcessTaskExeConfigExample" >
    <!--通过查询实体,查询满足条件的记录-->
    select ID, DEFINITION_ID, ACTIVITY_NAME, TASK_ASS_ID, TASK_ASS_TYPE
    from T_PROCESS_TASK_EXE_CONFIG
    <isParameterPresent >
      <include refid="COMMON.abatorgenerated_Example_Where_Clause" />
      <isNotNull property="orderByClause" >
        order by $orderByClause$
      </isNotNull>
    </isParameterPresent>
  </select>
  <select id="abatorgenerated_expandEntityByTemplate" resultMap="abatorgenerated_TProcessTaskExeConfigResult" parameterClass="com.gotop.jbpm.model.TProcessTaskExeConfig" >
    <!--根据Bean数据模板查询条件查询所有记录，可查询分页数据-->
    select ID, DEFINITION_ID, ACTIVITY_NAME, TASK_ASS_ID, TASK_ASS_TYPE
    from T_PROCESS_TASK_EXE_CONFIG where <![CDATA[ rownum<2 ]]>
    <dynamic >
      <isNotNull prepend="and" property="id" >
        ID = #id:DECIMAL#
      </isNotNull>
      <isNotNull prepend="and" property="definitionId" >
        DEFINITION_ID = #definitionId:VARCHAR#
      </isNotNull>
      <isNotNull prepend="and" property="activityName" >
        ACTIVITY_NAME = #activityName:VARCHAR#
      </isNotNull>
      <isNotNull prepend="and" property="taskAssId" >
        TASK_ASS_ID = #taskAssId:DECIMAL#
      </isNotNull>
      <isNotNull prepend="and" property="taskAssType" >
        TASK_ASS_TYPE = #taskAssType:VARCHAR#
      </isNotNull>
    </dynamic>
  </select>
  <select id="abatorgenerated_queryEntitiesByTemplate" resultMap="abatorgenerated_TProcessTaskExeConfigResult" parameterClass="com.gotop.jbpm.model.TProcessTaskExeConfig" >
    <!--根据Bean数据模板查询条件查询所有记录，可查询分页数据-->
    select ID, DEFINITION_ID, ACTIVITY_NAME, TASK_ASS_ID, TASK_ASS_TYPE
    from T_PROCESS_TASK_EXE_CONFIG
    <dynamic prepend="where" >
      <isNotNull prepend="and" property="id" >
        ID = #id:DECIMAL#
      </isNotNull>
      <isNotNull prepend="and" property="definitionId" >
        DEFINITION_ID = #definitionId:VARCHAR#
      </isNotNull>
      <isNotNull prepend="and" property="activityName" >
        ACTIVITY_NAME = #activityName:VARCHAR#
      </isNotNull>
      <isNotNull prepend="and" property="taskAssId" >
        TASK_ASS_ID = #taskAssId:DECIMAL#
      </isNotNull>
      <isNotNull prepend="and" property="taskAssType" >
        TASK_ASS_TYPE = #taskAssType:VARCHAR#
      </isNotNull>
    </dynamic>
  </select>
  <delete id="abatorgenerated_deleteByPrimaryKey" parameterClass="com.gotop.jbpm.model.TProcessTaskExeConfig" >
    <!--
      WARNING - This element is automatically generated by Abator for iBATIS, do not modify.
      This element was generated on .
    -->
    <!--通过主键删除一条记录-->
    delete from T_PROCESS_TASK_EXE_CONFIG
    where ID = #id:DECIMAL#
  </delete>
  <delete id="abatorgenerated_deleteByExample" parameterClass="com.gotop.jbpm.model.TProcessTaskExeConfigExample" >
    <!--通过查询实例，删除满足条件的数据-->
    delete from T_PROCESS_TASK_EXE_CONFIG
    <include refid="COMMON.abatorgenerated_Example_Where_Clause" />
  </delete>
  <delete id="abatorgenerated_deleteByTemplate" parameterClass="com.gotop.jbpm.model.TProcessTaskExeConfig" >
    <!--根据Bean数据模板查询条件删除记录-->
    delete from T_PROCESS_TASK_EXE_CONFIG
    <dynamic prepend="where" >
      <isNotEmpty prepend="and" property="id" >
        ID = #id:DECIMAL#
      </isNotEmpty>
      <isNotEmpty prepend="and" property="definitionId" >
        DEFINITION_ID = #definitionId:VARCHAR#
      </isNotEmpty>
      <isNotEmpty prepend="and" property="activityName" >
        ACTIVITY_NAME = #activityName:VARCHAR#
      </isNotEmpty>
      <isNotEmpty prepend="and" property="taskAssId" >
        TASK_ASS_ID = #taskAssId:DECIMAL#
      </isNotEmpty>
      <isNotEmpty prepend="and" property="taskAssType" >
        TASK_ASS_TYPE = #taskAssType:VARCHAR#
      </isNotEmpty>
    </dynamic>
  </delete>
 
  
  <insert id="abatorgenerated_insert" parameterClass="com.gotop.jbpm.model.TProcessTaskExeConfig" >
    <!--通过主键更新整条数据-->
      <selectKey resultClass="long" keyProperty="id">
		SELECT T_PROCESS_TASK_EXE_CONFIG_SEQ.NEXTVAL AS VALUE FROM DUAL
		</selectKey>
    insert into T_PROCESS_TASK_EXE_CONFIG (ID, DEFINITION_ID, ACTIVITY_NAME, TASK_ASS_ID,
      TASK_ASS_TYPE)
    values (#id:DECIMAL:-9999#, #definitionId:VARCHAR#, #activityName:VARCHAR#,
      #taskAssId:DECIMAL:-9999#, #taskAssType:VARCHAR#)
  </insert>
  <update id="abatorgenerated_updateByPrimaryKey" parameterClass="com.gotop.jbpm.model.TProcessTaskExeConfig" >
    <!--通过主键更新一条全部字段内容-->
    update T_PROCESS_TASK_EXE_CONFIG
    set DEFINITION_ID = #definitionId:VARCHAR#,
      ACTIVITY_NAME = #activityName:VARCHAR#,
      TASK_ASS_ID = #taskAssId:DECIMAL:-9999#,
      TASK_ASS_TYPE = #taskAssType:VARCHAR#
    where ID = #id:DECIMAL#
  </update>
  <update id="abatorgenerated_updateByPrimaryKeySelective" parameterClass="com.gotop.jbpm.model.TProcessTaskExeConfig" >
    <!--通过主键更新部分字段，部分字段说明：当字段为null时不更新，当字段值为''空值是更新为空值-->
    update T_PROCESS_TASK_EXE_CONFIG
    <dynamic prepend="set" >
      <isNotNull prepend="," property="definitionId" >
        DEFINITION_ID = #definitionId:VARCHAR#
      </isNotNull>
      <isNotNull prepend="," property="activityName" >
        ACTIVITY_NAME = #activityName:VARCHAR#
      </isNotNull>
      <isNotNull prepend="," property="taskAssId" >
        TASK_ASS_ID = #taskAssId:DECIMAL:-9999#
      </isNotNull>
      <isNotNull prepend="," property="taskAssType" >
        TASK_ASS_TYPE = #taskAssType:VARCHAR#
      </isNotNull>
       <isNotNull prepend="," property="isRecordSubmit" >
        IS_RECORD_SUBMIT = #isRecordSubmit:VARCHAR#
      </isNotNull>
    </dynamic>
    where ID = #id:DECIMAL#
  </update>
  <select id="abatorgenerated_countByExample" parameterClass="com.gotop.jbpm.model.TProcessTaskExeConfigExample" resultClass="java.lang.Integer" >
    <!--通过查询实例，统计总数-->
    select count(*) from T_PROCESS_TASK_EXE_CONFIG
    <include refid="COMMON.abatorgenerated_Example_Where_Clause" />
  </select>
  <select id="abatorgenerated_countByTemplate" parameterClass="com.gotop.jbpm.model.TProcessTaskExeConfig" resultClass="java.lang.Integer" >
    <!--通过查询Bean数据模板，统计总数-->
    select count(*) from T_PROCESS_TASK_EXE_CONFIG
    <dynamic prepend="where" >
      <isNotNull prepend="and" property="id" >
        ID = #id:DECIMAL#
      </isNotNull>
      <isNotNull prepend="and" property="definitionId" >
        DEFINITION_ID = #definitionId:VARCHAR#
      </isNotNull>
      <isNotNull prepend="and" property="activityName" >
        ACTIVITY_NAME = #activityName:VARCHAR#
      </isNotNull>
      <isNotNull prepend="and" property="taskAssId" >
        TASK_ASS_ID = #taskAssId:DECIMAL#
      </isNotNull>
      <isNotNull prepend="and" property="taskAssType" >
        TASK_ASS_TYPE = #taskAssType:VARCHAR#
      </isNotNull>
    </dynamic>
  </select>
  <update id="abatorgenerated_updateByExampleSelective" >
    <!--通过查询实例，更新非null字段-->
    update T_PROCESS_TASK_EXE_CONFIG
    <dynamic prepend="set" >
      <isNotNull prepend="," property="record.id" >
        ID = #record.id:DECIMAL:-9999#
      </isNotNull>
      <isNotNull prepend="," property="record.definitionId" >
        DEFINITION_ID = #record.definitionId:VARCHAR#
      </isNotNull>
      <isNotNull prepend="," property="record.activityName" >
        ACTIVITY_NAME = #record.activityName:VARCHAR#
      </isNotNull>
      <isNotNull prepend="," property="record.taskAssId" >
        TASK_ASS_ID = #record.taskAssId:DECIMAL:-9999#
      </isNotNull>
      <isNotNull prepend="," property="record.taskAssType" >
        TASK_ASS_TYPE = #record.taskAssType:VARCHAR#
      </isNotNull>
    </dynamic>
    <isParameterPresent >
      <include refid="COMMON.abatorgenerated_Example_Where_Clause" />
    </isParameterPresent>
  </update>
  <update id="abatorgenerated_updateByExample" >
    <!--通过查询实例，更新全部字段-->
    update T_PROCESS_TASK_EXE_CONFIG
    set ID = #record.id:DECIMAL:-9999#,
      DEFINITION_ID = #record.definitionId:VARCHAR#,
      ACTIVITY_NAME = #record.activityName:VARCHAR#,
      TASK_ASS_ID = #record.taskAssId:DECIMAL:-9999#,
      TASK_ASS_TYPE = #record.taskAssType:VARCHAR#
    <isParameterPresent >
      <include refid="COMMON.abatorgenerated_Example_Where_Clause" />
    </isParameterPresent>
  </update>
  <update id="abatorgenerated_updateEntityByTemplate" >
    <!--根据Bean数据模板查询条件更新记录-->
    update T_PROCESS_TASK_EXE_CONFIG
    <dynamic prepend="set" >
      <isNotEmpty prepend="," property="record.id" >
        ID = #record.id:DECIMAL:-9999#
      </isNotEmpty>
      <isNotEmpty prepend="," property="record.definitionId" >
        DEFINITION_ID = #record.definitionId:VARCHAR#
      </isNotEmpty>
      <isNotEmpty prepend="," property="record.activityName" >
        ACTIVITY_NAME = #record.activityName:VARCHAR#
      </isNotEmpty>
      <isNotEmpty prepend="," property="record.taskAssId" >
        TASK_ASS_ID = #record.taskAssId:DECIMAL:-9999#
      </isNotEmpty>
      <isNotEmpty prepend="," property="record.taskAssType" >
        TASK_ASS_TYPE = #record.taskAssType:VARCHAR#
      </isNotEmpty>
    </dynamic>
    <dynamic prepend="where" >
      <isNotEmpty prepend="and" property="template.id" >
        ID = #template.id:DECIMAL#
      </isNotEmpty>
      <isNotEmpty prepend="and" property="template.definitionId" >
        DEFINITION_ID = #template.definitionId:VARCHAR#
      </isNotEmpty>
      <isNotEmpty prepend="and" property="template.activityName" >
        ACTIVITY_NAME = #template.activityName:VARCHAR#
      </isNotEmpty>
      <isNotEmpty prepend="and" property="template.taskAssId" >
        TASK_ASS_ID = #template.taskAssId:DECIMAL#
      </isNotEmpty>
      <isNotEmpty prepend="and" property="template.taskAssType" >
        TASK_ASS_TYPE = #template.taskAssType:VARCHAR#
      </isNotEmpty>
    </dynamic>
  </update>
  <select id="abatorgenerated_selectByMapAndPage" resultMap="abatorgenerated_TProcessTaskExeConfig_HashMapResult" parameterClass="java.util.HashMap" >
    <!--通过Map方式的动态条件，查询分页数据-->
    select ID, DEFINITION_ID, ACTIVITY_NAME, TASK_ASS_ID, TASK_ASS_TYPE
    from T_PROCESS_TASK_EXE_CONFIG
    <dynamic prepend="where" >
      <isNotNull prepend="and" property="id" >
        ID = #id:DECIMAL#
      </isNotNull>
      <isNotNull prepend="and" property="definitionId" >
        DEFINITION_ID = #definitionId:VARCHAR#
      </isNotNull>
      <isNotNull prepend="and" property="activityName" >
        ACTIVITY_NAME = #activityName:VARCHAR#
      </isNotNull>
      <isNotNull prepend="and" property="taskAssId" >
        TASK_ASS_ID = #taskAssId:DECIMAL#
      </isNotNull>
      <isNotNull prepend="and" property="taskAssType" >
        TASK_ASS_TYPE = #taskAssType:VARCHAR#
      </isNotNull>
    </dynamic>
  </select>
  <select id="abatorgenerated_selectByExampleAndPage" resultMap="abatorgenerated_TProcessTaskExeConfigResult" parameterClass="com.gotop.jbpm.model.TProcessTaskExeConfigExample" >
    <!--通过Bean方式的动态条件，查询分页数据-->
    select ID, DEFINITION_ID, ACTIVITY_NAME, TASK_ASS_ID, TASK_ASS_TYPE
    from T_PROCESS_TASK_EXE_CONFIG
    <isParameterPresent >
      <include refid="COMMON.abatorgenerated_Example_Where_Clause" />
    </isParameterPresent>
  </select>
</sqlMap>