<?xml version="1.0" encoding="UTF-8" ?>
<!DOCTYPE struts PUBLIC "-//Apache Software Foundation//DTD Struts Configuration 2.0//EN" "http://struts.apache.org/dtds/struts-2.0.dtd" >
<struts >
  <package name="commonProcess" namespace="/commonProcess" extends="json-default" >
    <action name="tCommonProcessAction_*" class="tCommonProcessAction" method="{1}" >
      <result name="viewlist" >
        /jsp/commonProcess/tCommonProcessDatacell.jsp
      </result>
      <result name="input" >
        /jsp/commonProcess/common_process_input.jsp
      </result>
      <result name="approve" >
        /jsp/commonProcess/common_process_approve.jsp
      </result>
      <result name="queryemp" >
        /jsp/commonProcess/common_process_empId.jsp
      </result>
      <result name="persones" type="json">
		   <param name="root">results</param>
	  </result>
    </action>
  </package>
</struts>