<?xml version="1.0" encoding="UTF-8"?>
<!DOCTYPE beans PUBLIC "-//SPRING//DTD BEAN//EN" "http://www.springframework.org/dtd/spring-beans.dtd">
<beans>
  <bean class="com.gotop.leave.action.TApplyLeaveAction" id="tApplyLeaveaction" name="tApplyLeaveAction" singleton="false">
    <property name="tapplyLeaveService" ref="tApplyLeaveService" />
    <property name="fileResourceTableService" ref="tFileResourceTableService"></property>
    <property name="tMessagePublishDAO" ref="tMessagePublishDAO"></property>
    <property name="tApproveOpninionDAO" ref="tApproveOpninionDAO"></property>
    <property name="jbpmService" ref="jbpmService"></property>
    <property name="tDefaultOpinionService" ref="tDefaultOpinionService" />
  </bean>
  </beans>