<?xml version="1.0" encoding="UTF-8" ?>
<!DOCTYPE sqlMap PUBLIC "-//ibatis.apache.org//DTD SQL Map 2.0//EN" "http://ibatis.apache.org/dtd/sql-map-2.dtd" >
<sqlMap namespace="T_APPROVE_OPNINION_SqlMap" >
  <resultMap id="abatorgenerated_TApproveOpninionResult" class="com.gotop.opinion.model.TApproveOpninion" >
    <!--Bean方式返回全表-->
    <result column="REC_ID" property="recId" jdbcType="DECIMAL" />
    <result column="RESOURCE_ID" property="resourceId" jdbcType="DECIMAL" />
    <result column="RESOURCE_TYPE" property="resourceType" jdbcType="VARCHAR" />
    <result column="OPNINION_CONTENT" property="opninionContent" jdbcType="VARCHAR" />
    <result column="OPERATOR_TYPE" property="operatorType" jdbcType="VARCHAR" />
    <result column="OPERATOR" property="operator" jdbcType="DECIMAL" />
    <result column="OPERATER_DATE" property="operaterDate" jdbcType="VARCHAR" />
    <result column="OPERATER_TIME" property="operaterTime" jdbcType="VARCHAR" />
    <result column="NODE_ID" property="nodeId" jdbcType="VARCHAR" />
    <result column="ORGID" property="orgid" jdbcType="VARCHAR" />
    <result column="ORGNAME" property="orgname" jdbcType="VARCHAR" />
    <result column="NODE_NAME" property="nodeName" jdbcType="VARCHAR" />
  </resultMap>
  <resultMap id="abatorgenerated_TApproveOpninion_HashMapResult" class="java.util.HashMap" >
    <!--HashMap方式返回全表-->
    <result column="REC_ID" property="recId" jdbcType="DECIMAL" />
    <result column="RESOURCE_ID" property="resourceId" jdbcType="DECIMAL" />
    <result column="RESOURCE_TYPE" property="resourceType" jdbcType="VARCHAR" />
    <result column="OPNINION_CONTENT" property="opninionContent" jdbcType="VARCHAR" />
    <result column="OPERATOR_TYPE" property="operatorType" jdbcType="VARCHAR" />
    <result column="OPERATOR" property="operator" jdbcType="DECIMAL" />
    <result column="OPERATER_DATE" property="operaterDate" jdbcType="VARCHAR" />
    <result column="OPERATER_TIME" property="operaterTime" jdbcType="VARCHAR" />
    <result column="NODE_ID" property="nodeId" jdbcType="VARCHAR" />
    <result column="ORGID" property="orgid" jdbcType="VARCHAR" />
    <result column="NODE_NAME" property="nodeName" jdbcType="VARCHAR" />
  </resultMap>
  <select id="abatorgenerated_selectByPrimaryKey" resultMap="abatorgenerated_TApproveOpninionResult" parameterClass="com.gotop.opinion.model.TApproveOpninion" >
    <!--通过主键查询一条数据-->
    select REC_ID, RESOURCE_ID, RESOURCE_TYPE, OPNINION_CONTENT, OPERATOR_TYPE, OPERATOR,
      OPERATER_DATE, OPERATER_TIME, NODE_ID, ORGID, NODE_NAME
    from T_APPROVE_OPNINION
    where REC_ID = #recId:DECIMAL#
  </select>
  <select id="abatorgenerated_selectByExample" resultMap="abatorgenerated_TApproveOpninionResult" parameterClass="com.gotop.opinion.model.TApproveOpninionExample" >
    <!--通过查询实体,查询满足条件的记录-->
    select REC_ID, RESOURCE_ID, RESOURCE_TYPE, OPNINION_CONTENT, OPERATOR_TYPE, OPERATOR,
      OPERATER_DATE, OPERATER_TIME, NODE_ID, ORGID, NODE_NAME
    from T_APPROVE_OPNINION
    <isParameterPresent >
      <include refid="COMMON.abatorgenerated_Example_Where_Clause" />
      <isNotNull property="orderByClause" >
        order by $orderByClause$
      </isNotNull>
    </isParameterPresent>
  </select>
  <select id="abatorgenerated_expandEntityByTemplate" resultMap="abatorgenerated_TApproveOpninionResult" parameterClass="com.gotop.opinion.model.TApproveOpninion" >
    <!--根据Bean数据模板查询条件查询所有记录，可查询分页数据-->
    select REC_ID, RESOURCE_ID, RESOURCE_TYPE, OPNINION_CONTENT, OPERATOR_TYPE, OPERATOR,
      OPERATER_DATE, OPERATER_TIME, NODE_ID, ORGID, NODE_NAME
    from T_APPROVE_OPNINION where <![CDATA[ rownum<2 ]]>
    <dynamic >
      <isNotNull prepend="and" property="recId" >
        REC_ID = #recId:DECIMAL#
      </isNotNull>
      <isNotNull prepend="and" property="resourceId" >
        RESOURCE_ID = #resourceId:DECIMAL#
      </isNotNull>
      <isNotNull prepend="and" property="resourceType" >
        RESOURCE_TYPE = #resourceType:VARCHAR#
      </isNotNull>
      <isNotNull prepend="and" property="opninionContent" >
        OPNINION_CONTENT = #opninionContent:VARCHAR#
      </isNotNull>
      <isNotNull prepend="and" property="operatorType" >
        OPERATOR_TYPE = #operatorType:VARCHAR#
      </isNotNull>
      <isNotNull prepend="and" property="operator" >
        OPERATOR = #operator:DECIMAL#
      </isNotNull>
      <isNotNull prepend="and" property="operaterDate" >
        OPERATER_DATE = #operaterDate:VARCHAR#
      </isNotNull>
      <isNotNull prepend="and" property="operaterTime" >
        OPERATER_TIME = #operaterTime:VARCHAR#
      </isNotNull>
      <isNotNull prepend="and" property="nodeId" >
        NODE_ID = #nodeId:VARCHAR#
      </isNotNull>
      <isNotNull prepend="and" property="orgid" >
        ORGID = #orgid:VARCHAR#
      </isNotNull>
      <isNotNull prepend="and" property="nodeName" >
        NODE_NAME = #nodeName:VARCHAR#
      </isNotNull>
    </dynamic>
  </select>
  <select id="abatorgenerated_queryEntitiesByTemplate" resultMap="abatorgenerated_TApproveOpninionResult" parameterClass="com.gotop.opinion.model.TApproveOpninion" >
    <!--根据Bean数据模板查询条件查询所有记录，可查询分页数据-->
    select REC_ID, RESOURCE_ID, RESOURCE_TYPE, OPNINION_CONTENT, OPERATOR_TYPE, OPERATOR,
      OPERATER_DATE, OPERATER_TIME, NODE_ID, ORGID, NODE_NAME
    from T_APPROVE_OPNINION
    <dynamic prepend="where" >
      <isNotNull prepend="and" property="recId" >
        REC_ID = #recId:DECIMAL#
      </isNotNull>
      <isNotNull prepend="and" property="resourceId" >
        RESOURCE_ID = #resourceId:DECIMAL#
      </isNotNull>
      <isNotNull prepend="and" property="resourceType" >
        RESOURCE_TYPE = #resourceType:VARCHAR#
      </isNotNull>
      <isNotNull prepend="and" property="opninionContent" >
        OPNINION_CONTENT = #opninionContent:VARCHAR#
      </isNotNull>
      <isNotNull prepend="and" property="operatorType" >
        OPERATOR_TYPE = #operatorType:VARCHAR#
      </isNotNull>
      <isNotNull prepend="and" property="operator" >
        OPERATOR = #operator:DECIMAL#
      </isNotNull>
      <isNotNull prepend="and" property="operaterDate" >
        OPERATER_DATE = #operaterDate:VARCHAR#
      </isNotNull>
      <isNotNull prepend="and" property="operaterTime" >
        OPERATER_TIME = #operaterTime:VARCHAR#
      </isNotNull>
      <isNotNull prepend="and" property="nodeId" >
        NODE_ID = #nodeId:VARCHAR#
      </isNotNull>
      <isNotNull prepend="and" property="orgid" >
        ORGID = #orgid:VARCHAR#
      </isNotNull>
      <isNotNull prepend="and" property="nodeName" >
        NODE_NAME = #nodeName:VARCHAR#
      </isNotNull>
    </dynamic>
  </select>
  <delete id="abatorgenerated_deleteByPrimaryKey" parameterClass="com.gotop.opinion.model.TApproveOpninion" >
    <!--
      WARNING - This element is automatically generated by Abator for iBATIS, do not modify.
      This element was generated on .
    -->
    <!--通过主键删除一条记录-->
    delete from T_APPROVE_OPNINION
    where REC_ID = #recId:DECIMAL#
  </delete>
  <delete id="abatorgenerated_deleteByExample" parameterClass="com.gotop.opinion.model.TApproveOpninionExample" >
    <!--通过查询实例，删除满足条件的数据-->
    delete from T_APPROVE_OPNINION
    <include refid="COMMON.abatorgenerated_Example_Where_Clause" />
  </delete>
  <delete id="abatorgenerated_deleteByTemplate" parameterClass="com.gotop.opinion.model.TApproveOpninion" >
    <!--根据Bean数据模板查询条件删除记录-->
    delete from T_APPROVE_OPNINION
    <dynamic prepend="where" >
      <isNotEmpty prepend="and" property="recId" >
        REC_ID = #recId:DECIMAL#
      </isNotEmpty>
      <isNotEmpty prepend="and" property="resourceId" >
        RESOURCE_ID = #resourceId:DECIMAL#
      </isNotEmpty>
      <isNotEmpty prepend="and" property="resourceType" >
        RESOURCE_TYPE = #resourceType:VARCHAR#
      </isNotEmpty>
      <isNotEmpty prepend="and" property="opninionContent" >
        OPNINION_CONTENT = #opninionContent:VARCHAR#
      </isNotEmpty>
      <isNotEmpty prepend="and" property="operatorType" >
        OPERATOR_TYPE = #operatorType:VARCHAR#
      </isNotEmpty>
      <isNotEmpty prepend="and" property="operator" >
        OPERATOR = #operator:DECIMAL#
      </isNotEmpty>
      <isNotEmpty prepend="and" property="operaterDate" >
        OPERATER_DATE = #operaterDate:VARCHAR#
      </isNotEmpty>
      <isNotEmpty prepend="and" property="operaterTime" >
        OPERATER_TIME = #operaterTime:VARCHAR#
      </isNotEmpty>
      <isNotEmpty prepend="and" property="nodeId" >
        NODE_ID = #nodeId:VARCHAR#
      </isNotEmpty>
      <isNotEmpty prepend="and" property="orgid" >
        ORGID = #orgid:VARCHAR#
      </isNotEmpty>
      <isNotEmpty prepend="and" property="nodeName" >
        NODE_NAME = #nodeName:VARCHAR#
      </isNotEmpty>
    </dynamic>
  </delete>
  <insert id="abatorgenerated_insert" parameterClass="com.gotop.opinion.model.TApproveOpninion" >
    <!--通过主键更新整条数据-->
    <selectKey keyProperty="recId" resultClass="long">
    	SELECT T_APPROVE_OPNINION_SEQ.NEXTVAL AS VALUE FROM DUAL 
    </selectKey>
    insert into T_APPROVE_OPNINION (REC_ID, RESOURCE_ID, RESOURCE_TYPE, OPNINION_CONTENT,
      OPERATOR_TYPE, OPERATOR, OPERATER_DATE, OPERATER_TIME, NODE_ID, ORGID, NODE_NAME,NEXT_OPR_NAME,NEXT_ORG_NAME)
    values (#recId:DECIMAL:-9999#, #resourceId:DECIMAL:-9999#, #resourceType:VARCHAR#,
      #opninionContent:VARCHAR#, #operatorType:VARCHAR#, #operator:DECIMAL:-9999#,
      #operaterDate:VARCHAR#, #operaterTime:VARCHAR#, #nodeId:VARCHAR#, #orgid:VARCHAR#,
      #nodeName:VARCHAR#,#nextOprName:varchar#,#nextorgname:varchar#)
  </insert>
  <update id="abatorgenerated_updateByPrimaryKey" parameterClass="com.gotop.opinion.model.TApproveOpninion" >
    <!--通过主键更新一条全部字段内容-->
    update T_APPROVE_OPNINION
    set RESOURCE_ID = #resourceId:DECIMAL:-9999#,
      RESOURCE_TYPE = #resourceType:VARCHAR#,
      OPNINION_CONTENT = #opninionContent:VARCHAR#,
      OPERATOR_TYPE = #operatorType:VARCHAR#,
      OPERATOR = #operator:DECIMAL:-9999#,
      OPERATER_DATE = #operaterDate:VARCHAR#,
      OPERATER_TIME = #operaterTime:VARCHAR#,
      NODE_ID = #nodeId:VARCHAR#,
      ORGID = #orgid:VARCHAR#,
      NODE_NAME = #nodeName:VARCHAR#
    where REC_ID = #recId:DECIMAL#
  </update>
  <update id="abatorgenerated_updateByPrimaryKeySelective" parameterClass="com.gotop.opinion.model.TApproveOpninion" >
    <!--通过主键更新部分字段，部分字段说明：当字段为null时不更新，当字段值为''空值是更新为空值-->
    update T_APPROVE_OPNINION
    <dynamic prepend="set" >
      <isNotNull prepend="," property="resourceId" >
        RESOURCE_ID = #resourceId:DECIMAL:-9999#
      </isNotNull>
      <isNotNull prepend="," property="resourceType" >
        RESOURCE_TYPE = #resourceType:VARCHAR#
      </isNotNull>
      <isNotNull prepend="," property="opninionContent" >
        OPNINION_CONTENT = #opninionContent:VARCHAR#
      </isNotNull>
      <isNotNull prepend="," property="operatorType" >
        OPERATOR_TYPE = #operatorType:VARCHAR#
      </isNotNull>
      <isNotNull prepend="," property="operator" >
        OPERATOR = #operator:DECIMAL:-9999#
      </isNotNull>
      <isNotNull prepend="," property="operaterDate" >
        OPERATER_DATE = #operaterDate:VARCHAR#
      </isNotNull>
      <isNotNull prepend="," property="operaterTime" >
        OPERATER_TIME = #operaterTime:VARCHAR#
      </isNotNull>
      <isNotNull prepend="," property="nodeId" >
        NODE_ID = #nodeId:VARCHAR#
      </isNotNull>
      <isNotNull prepend="," property="orgid" >
        ORGID = #orgid:VARCHAR#
      </isNotNull>
      <isNotNull prepend="," property="nodeName" >
        NODE_NAME = #nodeName:VARCHAR#
      </isNotNull>
    </dynamic>
    where REC_ID = #recId:DECIMAL#
  </update>
  <select id="abatorgenerated_countByExample" parameterClass="com.gotop.opinion.model.TApproveOpninionExample" resultClass="java.lang.Integer" >
    <!--通过查询实例，统计总数-->
    select count(*) from T_APPROVE_OPNINION
    <include refid="COMMON.abatorgenerated_Example_Where_Clause" />
  </select>
  <select id="abatorgenerated_countByTemplate" parameterClass="com.gotop.opinion.model.TApproveOpninion" resultClass="java.lang.Integer" >
    <!--通过查询Bean数据模板，统计总数-->
    select count(*) from T_APPROVE_OPNINION
    <dynamic prepend="where" >
      <isNotNull prepend="and" property="recId" >
        REC_ID = #recId:DECIMAL#
      </isNotNull>
      <isNotNull prepend="and" property="resourceId" >
        RESOURCE_ID = #resourceId:DECIMAL#
      </isNotNull>
      <isNotNull prepend="and" property="resourceType" >
        RESOURCE_TYPE = #resourceType:VARCHAR#
      </isNotNull>
      <isNotNull prepend="and" property="opninionContent" >
        OPNINION_CONTENT = #opninionContent:VARCHAR#
      </isNotNull>
      <isNotNull prepend="and" property="operatorType" >
        OPERATOR_TYPE = #operatorType:VARCHAR#
      </isNotNull>
      <isNotNull prepend="and" property="operator" >
        OPERATOR = #operator:DECIMAL#
      </isNotNull>
      <isNotNull prepend="and" property="operaterDate" >
        OPERATER_DATE = #operaterDate:VARCHAR#
      </isNotNull>
      <isNotNull prepend="and" property="operaterTime" >
        OPERATER_TIME = #operaterTime:VARCHAR#
      </isNotNull>
      <isNotNull prepend="and" property="nodeId" >
        NODE_ID = #nodeId:VARCHAR#
      </isNotNull>
      <isNotNull prepend="and" property="orgid" >
        ORGID = #orgid:VARCHAR#
      </isNotNull>
      <isNotNull prepend="and" property="nodeName" >
        NODE_NAME = #nodeName:VARCHAR#
      </isNotNull>
    </dynamic>
  </select>
  <update id="abatorgenerated_updateByExampleSelective" >
    <!--通过查询实例，更新非null字段-->
    update T_APPROVE_OPNINION
    <dynamic prepend="set" >
      <isNotNull prepend="," property="record.recId" >
        REC_ID = #record.recId:DECIMAL:-9999#
      </isNotNull>
      <isNotNull prepend="," property="record.resourceId" >
        RESOURCE_ID = #record.resourceId:DECIMAL:-9999#
      </isNotNull>
      <isNotNull prepend="," property="record.resourceType" >
        RESOURCE_TYPE = #record.resourceType:VARCHAR#
      </isNotNull>
      <isNotNull prepend="," property="record.opninionContent" >
        OPNINION_CONTENT = #record.opninionContent:VARCHAR#
      </isNotNull>
      <isNotNull prepend="," property="record.operatorType" >
        OPERATOR_TYPE = #record.operatorType:VARCHAR#
      </isNotNull>
      <isNotNull prepend="," property="record.operator" >
        OPERATOR = #record.operator:DECIMAL:-9999#
      </isNotNull>
      <isNotNull prepend="," property="record.operaterDate" >
        OPERATER_DATE = #record.operaterDate:VARCHAR#
      </isNotNull>
      <isNotNull prepend="," property="record.operaterTime" >
        OPERATER_TIME = #record.operaterTime:VARCHAR#
      </isNotNull>
      <isNotNull prepend="," property="record.nodeId" >
        NODE_ID = #record.nodeId:VARCHAR#
      </isNotNull>
      <isNotNull prepend="," property="record.orgid" >
        ORGID = #record.orgid:VARCHAR#
      </isNotNull>
      <isNotNull prepend="," property="record.nodeName" >
        NODE_NAME = #record.nodeName:VARCHAR#
      </isNotNull>
    </dynamic>
    <isParameterPresent >
      <include refid="COMMON.abatorgenerated_Example_Where_Clause" />
    </isParameterPresent>
  </update>
  <update id="abatorgenerated_updateByExample" >
    <!--通过查询实例，更新全部字段-->
    update T_APPROVE_OPNINION
    set REC_ID = #record.recId:DECIMAL:-9999#,
      RESOURCE_ID = #record.resourceId:DECIMAL:-9999#,
      RESOURCE_TYPE = #record.resourceType:VARCHAR#,
      OPNINION_CONTENT = #record.opninionContent:VARCHAR#,
      OPERATOR_TYPE = #record.operatorType:VARCHAR#,
      OPERATOR = #record.operator:DECIMAL:-9999#,
      OPERATER_DATE = #record.operaterDate:VARCHAR#,
      OPERATER_TIME = #record.operaterTime:VARCHAR#,
      NODE_ID = #record.nodeId:VARCHAR#,
      ORGID = #record.orgid:VARCHAR#,
      NODE_NAME = #record.nodeName:VARCHAR#
    <isParameterPresent >
      <include refid="COMMON.abatorgenerated_Example_Where_Clause" />
    </isParameterPresent>
  </update>
  <update id="abatorgenerated_updateEntityByTemplate" >
    <!--根据Bean数据模板查询条件更新记录-->
    update T_APPROVE_OPNINION
    <dynamic prepend="set" >
      <isNotEmpty prepend="," property="record.recId" >
        REC_ID = #record.recId:DECIMAL:-9999#
      </isNotEmpty>
      <isNotEmpty prepend="," property="record.resourceId" >
        RESOURCE_ID = #record.resourceId:DECIMAL:-9999#
      </isNotEmpty>
      <isNotEmpty prepend="," property="record.resourceType" >
        RESOURCE_TYPE = #record.resourceType:VARCHAR#
      </isNotEmpty>
      <isNotEmpty prepend="," property="record.opninionContent" >
        OPNINION_CONTENT = #record.opninionContent:VARCHAR#
      </isNotEmpty>
      <isNotEmpty prepend="," property="record.operatorType" >
        OPERATOR_TYPE = #record.operatorType:VARCHAR#
      </isNotEmpty>
      <isNotEmpty prepend="," property="record.operator" >
        OPERATOR = #record.operator:DECIMAL:-9999#
      </isNotEmpty>
      <isNotEmpty prepend="," property="record.operaterDate" >
        OPERATER_DATE = #record.operaterDate:VARCHAR#
      </isNotEmpty>
      <isNotEmpty prepend="," property="record.operaterTime" >
        OPERATER_TIME = #record.operaterTime:VARCHAR#
      </isNotEmpty>
      <isNotEmpty prepend="," property="record.nodeId" >
        NODE_ID = #record.nodeId:VARCHAR#
      </isNotEmpty>
      <isNotEmpty prepend="," property="record.orgid" >
        ORGID = #record.orgid:VARCHAR#
      </isNotEmpty>
      <isNotEmpty prepend="," property="record.nodeName" >
        NODE_NAME = #record.nodeName:VARCHAR#
      </isNotEmpty>
    </dynamic>
    <dynamic prepend="where" >
      <isNotEmpty prepend="and" property="template.recId" >
        REC_ID = #template.recId:DECIMAL#
      </isNotEmpty>
      <isNotEmpty prepend="and" property="template.resourceId" >
        RESOURCE_ID = #template.resourceId:DECIMAL#
      </isNotEmpty>
      <isNotEmpty prepend="and" property="template.resourceType" >
        RESOURCE_TYPE = #template.resourceType:VARCHAR#
      </isNotEmpty>
      <isNotEmpty prepend="and" property="template.opninionContent" >
        OPNINION_CONTENT = #template.opninionContent:VARCHAR#
      </isNotEmpty>
      <isNotEmpty prepend="and" property="template.operatorType" >
        OPERATOR_TYPE = #template.operatorType:VARCHAR#
      </isNotEmpty>
      <isNotEmpty prepend="and" property="template.operator" >
        OPERATOR = #template.operator:DECIMAL#
      </isNotEmpty>
      <isNotEmpty prepend="and" property="template.operaterDate" >
        OPERATER_DATE = #template.operaterDate:VARCHAR#
      </isNotEmpty>
      <isNotEmpty prepend="and" property="template.operaterTime" >
        OPERATER_TIME = #template.operaterTime:VARCHAR#
      </isNotEmpty>
      <isNotEmpty prepend="and" property="template.nodeId" >
        NODE_ID = #template.nodeId:VARCHAR#
      </isNotEmpty>
      <isNotEmpty prepend="and" property="template.orgid" >
        orgid = #template.orgid:VARCHAR#
      </isNotEmpty>
      <isNotEmpty prepend="and" property="template.nodeName" >
        NODE_NAME = #template.nodeName:VARCHAR#
      </isNotEmpty>
    </dynamic>
  </update>
  <select id="abatorgenerated_selectByMapAndPage" resultMap="abatorgenerated_TApproveOpninion_HashMapResult" parameterClass="java.util.HashMap" >
    <!--通过Map方式的动态条件，查询分页数据-->
    select REC_ID, RESOURCE_ID, RESOURCE_TYPE, OPNINION_CONTENT, OPERATOR_TYPE, OPERATOR,
      OPERATER_DATE, OPERATER_TIME, NODE_ID, orgid, NODE_NAME
    from T_APPROVE_OPNINION
    <dynamic prepend="where" >
      <isNotNull prepend="and" property="recId" >
        REC_ID = #recId:DECIMAL#
      </isNotNull>
      <isNotNull prepend="and" property="resourceId" >
        RESOURCE_ID = #resourceId:DECIMAL#
      </isNotNull>
      <isNotNull prepend="and" property="resourceType" >
        RESOURCE_TYPE = #resourceType:VARCHAR#
      </isNotNull>
      <isNotNull prepend="and" property="opninionContent" >
        OPNINION_CONTENT = #opninionContent:VARCHAR#
      </isNotNull>
      <isNotNull prepend="and" property="operatorType" >
        OPERATOR_TYPE = #operatorType:VARCHAR#
      </isNotNull>
      <isNotNull prepend="and" property="operator" >
        OPERATOR = #operator:DECIMAL#
      </isNotNull>
      <isNotNull prepend="and" property="operaterDate" >
        OPERATER_DATE = #operaterDate:VARCHAR#
      </isNotNull>
      <isNotNull prepend="and" property="operaterTime" >
        OPERATER_TIME = #operaterTime:VARCHAR#
      </isNotNull>
      <isNotNull prepend="and" property="nodeId" >
        NODE_ID = #nodeId:VARCHAR#
      </isNotNull>
      <isNotNull prepend="and" property="orgid" >
        orgid = #orgid:VARCHAR#
      </isNotNull>
      <isNotNull prepend="and" property="nodeName" >
        NODE_NAME = #nodeName:VARCHAR#
      </isNotNull>
    </dynamic>
  </select>
  <select id="abatorgenerated_selectByExampleAndPage" resultMap="abatorgenerated_TApproveOpninionResult" parameterClass="com.gotop.opinion.model.TApproveOpninionExample" >
    <!--通过Bean方式的动态条件，查询分页数据-->
    select REC_ID, RESOURCE_ID, RESOURCE_TYPE, OPNINION_CONTENT, OPERATOR_TYPE, OPERATOR,
      OPERATER_DATE, OPERATER_TIME, NODE_ID, orgid, NODE_NAME
    from T_APPROVE_OPNINION
    <isParameterPresent >
      <include refid="COMMON.abatorgenerated_Example_Where_Clause" />
    </isParameterPresent>
  </select>
  <!-- <select id="queryOpninions" resultMap="abatorgenerated_TApproveOpninionResult" parameterClass="java.util.HashMap">
  	select REC_ID, RESOURCE_ID, RESOURCE_TYPE, OPNINION_CONTENT, OPERATOR_TYPE, OPERATOR,
      OPERATER_DATE, OPERATER_TIME, NODE_ID, orgid, NODE_NAME
    from T_APPROVE_OPNINION
    where RESOURCE_ID = #resourceId#
  </select> -->
  <!-- 20140902显示所属机构名称 -->
  <select id="queryOpninions" resultClass="com.gotop.opinion.model.TApproveOpninion" parameterClass="java.util.HashMap">
  	select a.REC_ID as recId, a.RESOURCE_ID as resourceId, a.RESOURCE_TYPE as resourceType, a.OPNINION_CONTENT as opninionContent,
   a.OPERATOR_TYPE as operatorType, a.OPERATOR as operator,next_opr_name as nextOprName,next_org_name as nextOrgName,
     to_char(TO_DATE(a.OPERATER_DATE || a.OPERATER_TIME, 'yyyy/MM/dd hh24:mi:ss'),'yyyy-mm-dd hh24:mi:ss')  as operaterDate,a.OPERATER_TIME as operaterTime, a.NODE_ID as nodeId, a.ORGID as orgid,c.orgname, a.NODE_NAME as nodeName,b.empname as empname
    from T_APPROVE_OPNINION a,om_employee b,om_organization c
    where 
       a.OPERATOR=b.empid and a.RESOURCE_ID = #resourceId:DECIMAL# and a.RESOURCE_TYPE=#resourceType# and a.orgid = c.orgid
        order by a.rec_id desc
  </select>
  <select id="receiveResourceId" resultClass="String" parameterClass="java.util.HashMap">
  	
  </select>
</sqlMap>