<?xml version="1.0" encoding="UTF-8" ?>
<!DOCTYPE sqlMap PUBLIC "-//ibatis.apache.org//DTD SQL Map 2.0//EN" "http://ibatis.apache.org/dtd/sql-map-2.dtd" >
<sqlMap namespace="T_GROUP_SqlMap" >
  <resultMap id="abatorgenerated_TGroupResult" class="com.gotop.group.model.TGroup" >
    <!--Bean方式返回全表-->
    <result column="REC_ID" property="recId" jdbcType="DECIMAL" />
    <result column="GROUP_NAME" property="groupName" jdbcType="VARCHAR" />
    <result column="GROUP_DETAIL" property="groupDetail" jdbcType="VARCHAR" />
    <result column="GROUP_CREATOR" property="groupCreator" jdbcType="DECIMAL" />
    <result column="CREATE_ROLE" property="createRole" jdbcType="VARCHAR" />
    <result column="IS_WHOLEBANK" property="isWholebank" jdbcType="VARCHAR" />
  </resultMap>
  <resultMap id="abatorgenerated_TGroup_HashMapResult" class="java.util.HashMap" >
    <!--HashMap方式返回全表-->
    <result column="REC_ID" property="recId" jdbcType="DECIMAL" />
    <result column="GROUP_NAME" property="groupName" jdbcType="VARCHAR" />
    <result column="GROUP_DETAIL" property="groupDetail" jdbcType="VARCHAR" />
    <result column="GROUP_CREATOR" property="groupCreator" jdbcType="DECIMAL" />
    <result column="CREATE_ROLE" property="createRole" jdbcType="VARCHAR" />
    <result column="IS_WHOLEBANK" property="isWholebank" jdbcType="VARCHAR" />
  </resultMap>
  
  <!-- 查询我的群组列表 -->
  <select id="myGroupList" resultMap="abatorgenerated_TGroupResult" parameterClass="java.util.HashMap">
		select REC_ID, GROUP_NAME, GROUP_DETAIL, GROUP_CREATOR, CREATE_ROLE, IS_WHOLEBANK
    from T_GROUP
    where GROUP_CREATOR = #empId#  
      <isNotNull prepend="and" property="groupName" >
        GROUP_NAME like '%'|| #groupName# ||'%'
      </isNotNull>
      union 
      select REC_ID, GROUP_NAME, GROUP_DETAIL, GROUP_CREATOR, CREATE_ROLE, IS_WHOLEBANK
    from T_GROUP
    where IS_WHOLEBANK = '1'
      <isNotNull prepend="and" property="groupName" >
        GROUP_NAME like '%'|| #groupName# ||'%'
      </isNotNull>
       
    order by IS_WHOLEBANK desc
  </select>
  
  <select id="abatorgenerated_selectByPrimaryKey" resultMap="abatorgenerated_TGroupResult" parameterClass="com.gotop.group.model.TGroup" >
    <!--通过主键查询一条数据-->
    select REC_ID, GROUP_NAME, GROUP_DETAIL, GROUP_CREATOR, CREATE_ROLE, IS_WHOLEBANK
    from T_GROUP
    where REC_ID = #recId:DECIMAL#
  </select>
  <select id="abatorgenerated_selectByExample" resultMap="abatorgenerated_TGroupResult" parameterClass="com.gotop.group.model.TGroupExample" >
    <!--通过查询实体,查询满足条件的记录-->
    select REC_ID, GROUP_NAME, GROUP_DETAIL, GROUP_CREATOR, CREATE_ROLE, IS_WHOLEBANK
    from T_GROUP
    <isParameterPresent >
      <include refid="COMMON.abatorgenerated_Example_Where_Clause" />
      <isNotNull property="orderByClause" >
        order by $orderByClause$
      </isNotNull>
    </isParameterPresent>
  </select>
  <select id="abatorgenerated_expandEntityByTemplate" resultMap="abatorgenerated_TGroupResult" parameterClass="com.gotop.group.model.TGroup" >
    <!--根据Bean数据模板查询条件查询所有记录，可查询分页数据-->
    select REC_ID, GROUP_NAME, GROUP_DETAIL, GROUP_CREATOR, CREATE_ROLE, IS_WHOLEBANK
    from T_GROUP where <![CDATA[ rownum<2 ]]>
    <dynamic >
      <isNotNull prepend="and" property="recId" >
        REC_ID = #recId:DECIMAL#
      </isNotNull>
      <isNotNull prepend="and" property="groupName" >
        GROUP_NAME = #groupName:VARCHAR#
      </isNotNull>
      <isNotNull prepend="and" property="groupDetail" >
        GROUP_DETAIL = #groupDetail:VARCHAR#
      </isNotNull>
      <isNotNull prepend="and" property="groupCreator" >
        GROUP_CREATOR = #groupCreator:DECIMAL#
      </isNotNull>
      <isNotNull prepend="and" property="createRole" >
        CREATE_ROLE = #createRole:VARCHAR#
      </isNotNull>
      <isNotNull prepend="and" property="isWholebank" >
        IS_WHOLEBANK = #isWholebank:VARCHAR#
      </isNotNull>
    </dynamic>
  </select>
  <select id="abatorgenerated_queryEntitiesByTemplate" resultMap="abatorgenerated_TGroupResult" parameterClass="com.gotop.group.model.TGroup" >
    <!--根据Bean数据模板查询条件查询所有记录，可查询分页数据-->
    select REC_ID, GROUP_NAME, GROUP_DETAIL, GROUP_CREATOR, CREATE_ROLE, IS_WHOLEBANK
    from T_GROUP
    <dynamic prepend="where" >
      <isNotNull prepend="and" property="recId" >
        REC_ID = #recId:DECIMAL#
      </isNotNull>
      <isNotNull prepend="and" property="groupName" >
        GROUP_NAME = #groupName:VARCHAR#
      </isNotNull>
      <isNotNull prepend="and" property="groupDetail" >
        GROUP_DETAIL = #groupDetail:VARCHAR#
      </isNotNull>
      <isNotNull prepend="and" property="groupCreator" >
        GROUP_CREATOR = #groupCreator:DECIMAL#
      </isNotNull>
      <isNotNull prepend="and" property="createRole" >
        CREATE_ROLE = #createRole:VARCHAR#
      </isNotNull>
      <isNotNull prepend="and" property="isWholebank" >
        IS_WHOLEBANK = #isWholebank:VARCHAR#
      </isNotNull>
    </dynamic>
  </select>
  <delete id="abatorgenerated_deleteByPrimaryKey" parameterClass="com.gotop.group.model.TGroup" >
    <!--
      WARNING - This element is automatically generated by Abator for iBATIS, do not modify.
      This element was generated on .
    -->
    <!--通过主键删除一条记录-->
    delete from T_GROUP
    where REC_ID = #recId:DECIMAL#
  </delete>
  <delete id="abatorgenerated_deleteByExample" parameterClass="com.gotop.group.model.TGroupExample" >
    <!--通过查询实例，删除满足条件的数据-->
    delete from T_GROUP
    <include refid="COMMON.abatorgenerated_Example_Where_Clause" />
  </delete>
  <delete id="abatorgenerated_deleteByTemplate" parameterClass="com.gotop.group.model.TGroup" >
    <!--根据Bean数据模板查询条件删除记录-->
    delete from T_GROUP
    <dynamic prepend="where" >
      <isNotEmpty prepend="and" property="recId" >
        REC_ID = #recId:DECIMAL#
      </isNotEmpty>
      <isNotEmpty prepend="and" property="groupName" >
        GROUP_NAME = #groupName:VARCHAR#
      </isNotEmpty>
      <isNotEmpty prepend="and" property="groupDetail" >
        GROUP_DETAIL = #groupDetail:VARCHAR#
      </isNotEmpty>
      <isNotEmpty prepend="and" property="groupCreator" >
        GROUP_CREATOR = #groupCreator:DECIMAL#
      </isNotEmpty>
      <isNotEmpty prepend="and" property="createRole" >
        CREATE_ROLE = #createRole:VARCHAR#
      </isNotEmpty>
      <isNotEmpty prepend="and" property="isWholebank" >
        IS_WHOLEBANK = #isWholebank:VARCHAR#
      </isNotEmpty>
    </dynamic>
  </delete>
  <insert id="abatorgenerated_insert" parameterClass="com.gotop.group.model.TGroup" >
    <!--通过主键更新整条数据-->
      <selectKey resultClass="long" keyProperty="recId">
		SELECT T_GROUP_SEQ.NEXTVAL AS VALUE FROM DUAL
		</selectKey>
    insert into T_GROUP (REC_ID, GROUP_NAME, GROUP_DETAIL, GROUP_CREATOR, CREATE_ROLE, IS_WHOLEBANK)
    values (#recId:DECIMAL:-9999#, #groupName:VARCHAR#, #groupDetail:VARCHAR#,
      #groupCreator:DECIMAL:-9999#, #createRole:VARCHAR#, #isWholebank:VARCHAR#)
  </insert>
  <update id="abatorgenerated_updateByPrimaryKey" parameterClass="com.gotop.group.model.TGroup" >
    <!--通过主键更新一条全部字段内容-->
    update T_GROUP
    set GROUP_NAME = #groupName:VARCHAR#,
      GROUP_DETAIL = #groupDetail:VARCHAR#,
      GROUP_CREATOR = #groupCreator:DECIMAL:-9999#,
      CREATE_ROLE = #createRole:VARCHAR#,
      IS_WHOLEBANK = #isWholebank:VARCHAR#
    where REC_ID = #recId:DECIMAL#
  </update>
  <update id="abatorgenerated_updateByPrimaryKeySelective" parameterClass="com.gotop.group.model.TGroup" >
    <!--通过主键更新部分字段，部分字段说明：当字段为null时不更新，当字段值为''空值是更新为空值-->
    update T_GROUP
    <dynamic prepend="set" >
      <isNotNull prepend="," property="groupName" >
        GROUP_NAME = #groupName:VARCHAR#
      </isNotNull>
      <isNotNull prepend="," property="groupDetail" >
        GROUP_DETAIL = #groupDetail:VARCHAR#
      </isNotNull>
      <isNotNull prepend="," property="groupCreator" >
        GROUP_CREATOR = #groupCreator:DECIMAL:-9999#
      </isNotNull>
      <isNotNull prepend="," property="createRole" >
        CREATE_ROLE = #createRole:VARCHAR#
      </isNotNull>
      <isNotNull prepend="," property="isWholebank" >
        IS_WHOLEBANK = #isWholebank:VARCHAR#
      </isNotNull>
    </dynamic>
    where REC_ID = #recId:DECIMAL#
  </update>
  <select id="abatorgenerated_countByExample" parameterClass="com.gotop.group.model.TGroupExample" resultClass="java.lang.Integer" >
    <!--通过查询实例，统计总数-->
    select count(*) from T_GROUP
    <include refid="COMMON.abatorgenerated_Example_Where_Clause" />
  </select>
  <select id="abatorgenerated_countByTemplate" parameterClass="com.gotop.group.model.TGroup" resultClass="java.lang.Integer" >
    <!--通过查询Bean数据模板，统计总数-->
    select count(*) from T_GROUP
    <dynamic prepend="where" >
      <isNotNull prepend="and" property="recId" >
        REC_ID = #recId:DECIMAL#
      </isNotNull>
      <isNotNull prepend="and" property="groupName" >
        GROUP_NAME = #groupName:VARCHAR#
      </isNotNull>
      <isNotNull prepend="and" property="groupDetail" >
        GROUP_DETAIL = #groupDetail:VARCHAR#
      </isNotNull>
      <isNotNull prepend="and" property="groupCreator" >
        GROUP_CREATOR = #groupCreator:DECIMAL#
      </isNotNull>
      <isNotNull prepend="and" property="createRole" >
        CREATE_ROLE = #createRole:VARCHAR#
      </isNotNull>
      <isNotNull prepend="and" property="isWholebank" >
        IS_WHOLEBANK = #isWholebank:VARCHAR#
      </isNotNull>
    </dynamic>
  </select>
  <update id="abatorgenerated_updateByExampleSelective" >
    <!--通过查询实例，更新非null字段-->
    update T_GROUP
    <dynamic prepend="set" >
      <isNotNull prepend="," property="record.recId" >
        REC_ID = #record.recId:DECIMAL:-9999#
      </isNotNull>
      <isNotNull prepend="," property="record.groupName" >
        GROUP_NAME = #record.groupName:VARCHAR#
      </isNotNull>
      <isNotNull prepend="," property="record.groupDetail" >
        GROUP_DETAIL = #record.groupDetail:VARCHAR#
      </isNotNull>
      <isNotNull prepend="," property="record.groupCreator" >
        GROUP_CREATOR = #record.groupCreator:DECIMAL:-9999#
      </isNotNull>
      <isNotNull prepend="," property="record.createRole" >
        CREATE_ROLE = #record.createRole:VARCHAR#
      </isNotNull>
      <isNotNull prepend="," property="record.isWholebank" >
        IS_WHOLEBANK = #record.isWholebank:VARCHAR#
      </isNotNull>
    </dynamic>
    <isParameterPresent >
      <include refid="COMMON.abatorgenerated_Example_Where_Clause" />
    </isParameterPresent>
  </update>
  <update id="abatorgenerated_updateByExample" >
    <!--通过查询实例，更新全部字段-->
    update T_GROUP
    set REC_ID = #record.recId:DECIMAL:-9999#,
      GROUP_NAME = #record.groupName:VARCHAR#,
      GROUP_DETAIL = #record.groupDetail:VARCHAR#,
      GROUP_CREATOR = #record.groupCreator:DECIMAL:-9999#,
      CREATE_ROLE = #record.createRole:VARCHAR#,
      IS_WHOLEBANK = #record.isWholebank:VARCHAR#
    <isParameterPresent >
      <include refid="COMMON.abatorgenerated_Example_Where_Clause" />
    </isParameterPresent>
  </update>
  <update id="abatorgenerated_updateEntityByTemplate" >
    <!--根据Bean数据模板查询条件更新记录-->
    update T_GROUP
    <dynamic prepend="set" >
      <isNotEmpty prepend="," property="record.recId" >
        REC_ID = #record.recId:DECIMAL:-9999#
      </isNotEmpty>
      <isNotEmpty prepend="," property="record.groupName" >
        GROUP_NAME = #record.groupName:VARCHAR#
      </isNotEmpty>
      <isNotEmpty prepend="," property="record.groupDetail" >
        GROUP_DETAIL = #record.groupDetail:VARCHAR#
      </isNotEmpty>
      <isNotEmpty prepend="," property="record.groupCreator" >
        GROUP_CREATOR = #record.groupCreator:DECIMAL:-9999#
      </isNotEmpty>
      <isNotEmpty prepend="," property="record.createRole" >
        CREATE_ROLE = #record.createRole:VARCHAR#
      </isNotEmpty>
      <isNotEmpty prepend="," property="record.isWholebank" >
        IS_WHOLEBANK = #record.isWholebank:VARCHAR#
      </isNotEmpty>
    </dynamic>
    <dynamic prepend="where" >
      <isNotEmpty prepend="and" property="template.recId" >
        REC_ID = #template.recId:DECIMAL#
      </isNotEmpty>
      <isNotEmpty prepend="and" property="template.groupName" >
        GROUP_NAME = #template.groupName:VARCHAR#
      </isNotEmpty>
      <isNotEmpty prepend="and" property="template.groupDetail" >
        GROUP_DETAIL = #template.groupDetail:VARCHAR#
      </isNotEmpty>
      <isNotEmpty prepend="and" property="template.groupCreator" >
        GROUP_CREATOR = #template.groupCreator:DECIMAL#
      </isNotEmpty>
      <isNotEmpty prepend="and" property="template.createRole" >
        CREATE_ROLE = #template.createRole:VARCHAR#
      </isNotEmpty>
      <isNotEmpty prepend="and" property="template.isWholebank" >
        IS_WHOLEBANK = #template.isWholebank:VARCHAR#
      </isNotEmpty>
    </dynamic>
  </update>
  <select id="abatorgenerated_selectByMapAndPage" resultMap="abatorgenerated_TGroup_HashMapResult" parameterClass="java.util.HashMap" >
    <!--通过Map方式的动态条件，查询分页数据-->
    select REC_ID, GROUP_NAME, GROUP_DETAIL, GROUP_CREATOR, CREATE_ROLE, IS_WHOLEBANK
    from T_GROUP
    <dynamic prepend="where" >
      <isNotNull prepend="and" property="recId" >
        REC_ID = #recId:DECIMAL#
      </isNotNull>
      <isNotNull prepend="and" property="groupName" >
        GROUP_NAME = #groupName:VARCHAR#
      </isNotNull>
      <isNotNull prepend="and" property="groupDetail" >
        GROUP_DETAIL = #groupDetail:VARCHAR#
      </isNotNull>
      <isNotNull prepend="and" property="groupCreator" >
        GROUP_CREATOR = #groupCreator:DECIMAL#
      </isNotNull>
      <isNotNull prepend="and" property="createRole" >
        CREATE_ROLE = #createRole:VARCHAR#
      </isNotNull>
      <isNotNull prepend="and" property="isWholebank" >
        IS_WHOLEBANK = #isWholebank:VARCHAR#
      </isNotNull>
    </dynamic>
  </select>
  <select id="abatorgenerated_selectByExampleAndPage" resultMap="abatorgenerated_TGroupResult" parameterClass="com.gotop.group.model.TGroupExample" >
    <!--通过Bean方式的动态条件，查询分页数据-->
    select REC_ID, GROUP_NAME, GROUP_DETAIL, GROUP_CREATOR, CREATE_ROLE, IS_WHOLEBANK
    from T_GROUP
    <isParameterPresent >
      <include refid="COMMON.abatorgenerated_Example_Where_Clause" />
    </isParameterPresent>
  </select>
</sqlMap>