<?xml version="1.0" encoding="UTF-8"?>
<!DOCTYPE sqlMap PUBLIC "-//ibatis.apache.org//DTD SQL Map 2.0//EN" "http://ibatis.apache.org/dtd/sql-map-2.dtd">
<sqlMap namespace="T_GROUPMEMBER_SqlMap">
<resultMap class="com.gotop.group.model.TGroupmember" id="abatorgenerated_TGroupmemberResult">
    <!--Bean方式返回全表-->
    <result column="GROUPID" jdbcType="DECIMAL" property="groupid" />
    <result column="MEMBERID" jdbcType="DECIMAL" property="memberid" />
    <result column="FLAG" jdbcType="VARCHAR" property="flag" />
  </resultMap>
  
<resultMap class="com.gotop.group.model.TGroupmember" id="abatorgenerated_TGroupmemberResult1">
    <!--Bean方式返回全表-->
    <result column="GROUPID" jdbcType="DECIMAL" property="groupid" />
    <result column="MEMBERID" jdbcType="DECIMAL" property="memberid" />
     <result column="EMPNAME" jdbcType="VARCHAR" property="empName" />
    <result column="FLAG" jdbcType="VARCHAR" property="flag" />
  </resultMap>
<resultMap class="java.util.HashMap" id="abatorgenerated_TGroupmember_HashMapResult">
    <!--HashMap方式返回全表-->
    <result column="GROUPID" jdbcType="DECIMAL" property="groupid" />
    <result column="MEMBERID" jdbcType="DECIMAL" property="memberid" />
    <result column="FLAG" jdbcType="VARCHAR" property="flag" />
  </resultMap>

<select id="selectByGroupId" parameterClass="com.gotop.group.model.TGroupmember" resultMap="abatorgenerated_TGroupmemberResult1">
    <!--通过主键查询一条数据-->
    select t.GROUPID, t.MEMBERID, t.FLAG,t1.EMPNAME as EMPNAME
    from T_GROUPMEMBER t, OM_EMPLOYEE t1
    where t.GROUPID = #groupid:DECIMAL#
    and t.MEMBERID = t1.EMPID
  </select>
  


  


  

<select id="abatorgenerated_selectByPrimaryKey" parameterClass="com.gotop.group.model.TGroupmemberKey" resultMap="abatorgenerated_TGroupmemberResult">
    <!--通过主键查询一条数据-->
    select GROUPID, MEMBERID, FLAG
    from T_GROUPMEMBER
    where GROUPID = #groupid:DECIMAL#
      and MEMBERID = #memberid:DECIMAL#
  </select>


  

<select id="abatorgenerated_selectByExample" parameterClass="com.gotop.group.model.TGroupmemberExample" resultMap="abatorgenerated_TGroupmemberResult">
    <!--通过查询实体,查询满足条件的记录-->
    select GROUPID, MEMBERID, FLAG
    from T_GROUPMEMBER
    <isParameterPresent>
      <include refid="COMMON.abatorgenerated_Example_Where_Clause" />
      <isNotNull property="orderByClause">
        order by $orderByClause$
      </isNotNull>
    </isParameterPresent>
  </select>


  

<select id="abatorgenerated_expandEntityByTemplate" parameterClass="com.gotop.group.model.TGroupmember" resultMap="abatorgenerated_TGroupmemberResult">
    <!--根据Bean数据模板查询条件查询所有记录，可查询分页数据-->
    select GROUPID, MEMBERID, FLAG
    from T_GROUPMEMBER where <![CDATA[ rownum<2 ]]>
    <dynamic>
      <isNotNull prepend="and" property="groupid">
        GROUPID = #groupid:DECIMAL#
      </isNotNull>
      <isNotNull prepend="and" property="memberid">
        MEMBERID = #memberid:DECIMAL#
      </isNotNull>
      <isNotNull prepend="and" property="flag">
        FLAG = #flag:VARCHAR#
      </isNotNull>
    </dynamic>
  </select>


  

<select id="abatorgenerated_queryEntitiesByTemplate" parameterClass="com.gotop.group.model.TGroupmember" resultMap="abatorgenerated_TGroupmemberResult">
    <!--根据Bean数据模板查询条件查询所有记录，可查询分页数据-->
    select GROUPID, MEMBERID, FLAG
    from T_GROUPMEMBER
    <dynamic prepend="where">
      <isNotNull prepend="and" property="groupid">
        GROUPID = #groupid:DECIMAL#
      </isNotNull>
      <isNotNull prepend="and" property="memberid">
        MEMBERID = #memberid:DECIMAL#
      </isNotNull>
      <isNotNull prepend="and" property="flag">
        FLAG = #flag:VARCHAR#
      </isNotNull>
    </dynamic>
  </select>


  

<delete id="abatorgenerated_deleteByPrimaryKey" parameterClass="com.gotop.group.model.TGroupmemberKey">
    <!--
      WARNING - This element is automatically generated by Abator for iBATIS, do not modify.
      This element was generated on .
    -->
    <!--通过主键删除一条记录-->
    delete from T_GROUPMEMBER
    where GROUPID = #groupid:DECIMAL#
      and MEMBERID = #memberid:DECIMAL#
  </delete>


  

<delete id="abatorgenerated_deleteByExample" parameterClass="com.gotop.group.model.TGroupmemberExample">
    <!--通过查询实例，删除满足条件的数据-->
    delete from T_GROUPMEMBER
    <include refid="COMMON.abatorgenerated_Example_Where_Clause" />
  </delete>


  

<delete id="abatorgenerated_deleteByTemplate" parameterClass="com.gotop.group.model.TGroupmember">
    <!--根据Bean数据模板查询条件删除记录-->
    delete from T_GROUPMEMBER
    <dynamic prepend="where">
      <isNotEmpty prepend="and" property="groupid">
        GROUPID = #groupid:DECIMAL#
      </isNotEmpty>
      <isNotEmpty prepend="and" property="memberid">
        MEMBERID = #memberid:DECIMAL#
      </isNotEmpty>
      <isNotEmpty prepend="and" property="flag">
        FLAG = #flag:VARCHAR#
      </isNotEmpty>
    </dynamic>
  </delete>


  

<insert id="abatorgenerated_insert" parameterClass="com.gotop.group.model.TGroupmember">
    <!--通过主键更新整条数据-->
    insert into T_GROUPMEMBER (GROUPID, MEMBERID, FLAG)
    values (#groupid:DECIMAL:-9999#, #memberid:DECIMAL:-9999#, #flag:VARCHAR#)
  </insert>


  

<update id="abatorgenerated_updateByPrimaryKey" parameterClass="com.gotop.group.model.TGroupmember">
    <!--通过主键更新一条全部字段内容-->
    update T_GROUPMEMBER
    set FLAG = #flag:VARCHAR#
    where GROUPID = #groupid:DECIMAL#
      and MEMBERID = #memberid:DECIMAL#
  </update>


  

<update id="abatorgenerated_updateByPrimaryKeySelective" parameterClass="com.gotop.group.model.TGroupmember">
    <!--通过主键更新部分字段，部分字段说明：当字段为null时不更新，当字段值为''空值是更新为空值-->
    update T_GROUPMEMBER
    <dynamic prepend="set">
      <isNotNull prepend="," property="flag">
        FLAG = #flag:VARCHAR#
      </isNotNull>
    </dynamic>
    where GROUPID = #groupid:DECIMAL#
      and MEMBERID = #memberid:DECIMAL#
  </update>


  

<select id="abatorgenerated_countByExample" parameterClass="com.gotop.group.model.TGroupmemberExample" resultClass="java.lang.Integer">
    <!--通过查询实例，统计总数-->
    select count(*) from T_GROUPMEMBER
    <include refid="COMMON.abatorgenerated_Example_Where_Clause" />
  </select>


  

<select id="abatorgenerated_countByTemplate" parameterClass="com.gotop.group.model.TGroupmember" resultClass="java.lang.Integer">
    <!--通过查询Bean数据模板，统计总数-->
    select count(*) from T_GROUPMEMBER
    <dynamic prepend="where">
      <isNotNull prepend="and" property="groupid">
        GROUPID = #groupid:DECIMAL#
      </isNotNull>
      <isNotNull prepend="and" property="memberid">
        MEMBERID = #memberid:DECIMAL#
      </isNotNull>
      <isNotNull prepend="and" property="flag">
        FLAG = #flag:VARCHAR#
      </isNotNull>
    </dynamic>
  </select>


  

<update id="abatorgenerated_updateByExampleSelective">
    <!--通过查询实例，更新非null字段-->
    update T_GROUPMEMBER
    <dynamic prepend="set">
      <isNotNull prepend="," property="record.groupid">
        GROUPID = #record.groupid:DECIMAL:-9999#
      </isNotNull>
      <isNotNull prepend="," property="record.memberid">
        MEMBERID = #record.memberid:DECIMAL:-9999#
      </isNotNull>
      <isNotNull prepend="," property="record.flag">
        FLAG = #record.flag:VARCHAR#
      </isNotNull>
    </dynamic>
    <isParameterPresent>
      <include refid="COMMON.abatorgenerated_Example_Where_Clause" />
    </isParameterPresent>
  </update>


  

<update id="abatorgenerated_updateByExample">
    <!--通过查询实例，更新全部字段-->
    update T_GROUPMEMBER
    set GROUPID = #record.groupid:DECIMAL:-9999#,
      MEMBERID = #record.memberid:DECIMAL:-9999#,
      FLAG = #record.flag:VARCHAR#
    <isParameterPresent>
      <include refid="COMMON.abatorgenerated_Example_Where_Clause" />
    </isParameterPresent>
  </update>


  

<update id="abatorgenerated_updateEntityByTemplate">
    <!--根据Bean数据模板查询条件更新记录-->
    update T_GROUPMEMBER
    <dynamic prepend="set">
      <isNotEmpty prepend="," property="record.groupid">
        GROUPID = #record.groupid:DECIMAL:-9999#
      </isNotEmpty>
      <isNotEmpty prepend="," property="record.memberid">
        MEMBERID = #record.memberid:DECIMAL:-9999#
      </isNotEmpty>
      <isNotEmpty prepend="," property="record.flag">
        FLAG = #record.flag:VARCHAR#
      </isNotEmpty>
    </dynamic>
    <dynamic prepend="where">
      <isNotEmpty prepend="and" property="template.groupid">
        GROUPID = #template.groupid:DECIMAL#
      </isNotEmpty>
      <isNotEmpty prepend="and" property="template.memberid">
        MEMBERID = #template.memberid:DECIMAL#
      </isNotEmpty>
      <isNotEmpty prepend="and" property="template.flag">
        FLAG = #template.flag:VARCHAR#
      </isNotEmpty>
    </dynamic>
  </update>


  

<select id="abatorgenerated_selectByMapAndPage" parameterClass="java.util.HashMap" resultMap="abatorgenerated_TGroupmember_HashMapResult">
    <!--通过Map方式的动态条件，查询分页数据-->
    select GROUPID, MEMBERID, FLAG
    from T_GROUPMEMBER
    <dynamic prepend="where">
      <isNotNull prepend="and" property="groupid">
        GROUPID = #groupid:DECIMAL#
      </isNotNull>
      <isNotNull prepend="and" property="memberid">
        MEMBERID = #memberid:DECIMAL#
      </isNotNull>
      <isNotNull prepend="and" property="flag">
        FLAG = #flag:VARCHAR#
      </isNotNull>
    </dynamic>
  </select>


  

<select id="abatorgenerated_selectByExampleAndPage" parameterClass="com.gotop.group.model.TGroupmemberExample" resultMap="abatorgenerated_TGroupmemberResult">
    <!--通过Bean方式的动态条件，查询分页数据-->
    select GROUPID, MEMBERID, FLAG
    from T_GROUPMEMBER
    <isParameterPresent>
      <include refid="COMMON.abatorgenerated_Example_Where_Clause" />
    </isParameterPresent>
  </select>
</sqlMap>