<?xml version="1.0" encoding="UTF-8" ?>
<!DOCTYPE beans PUBLIC "-//SPRING//DTD BEAN//EN" "http://www.springframework.org/dtd/spring-beans.dtd" >
<beans >
  <bean id="tApplyDataService" class="com.gotop.dataApply.service.impl.TApplyDataService" >
    <property name="tApplyDataDAO" ref="tApplyDataDAO" />
    <property name="fileResourceTableService" ref="tFileResourceTableService" />
    <property name="jbpmService" ref="jbpmService" />
    <property name="tApproveOpninionDAO" ref="tApproveOpninionDAO" />
    <property name="rangeUserDAO" ref="tRangeUserDAO"></property>
  </bean>
</beans>