<?xml version="1.0" encoding="UTF-8" ?>
<!DOCTYPE sqlMap PUBLIC "-//ibatis.apache.org//DTD SQL Map 2.0//EN" "http://ibatis.apache.org/dtd/sql-map-2.dtd" >
<sqlMap namespace="T_MESSAGE_RECEIVE_SqlMap" >
  <resultMap id="abatorgenerated_TMessageReceiveResult" class="com.gotop.messageReceive.model.TMessageReceive" >
    <!--Bean方式返回全表-->
    <result column="REC_ID" property="recId" jdbcType="DECIMAL" />
    <result column="MESSAGE_ID" property="messageId" jdbcType="DECIMAL" />
    <result column="TYPE" property="type" jdbcType="VARCHAR" />
    <result column="RECEIVE_OBJECT" property="receiveObject" jdbcType="VARCHAR" />
    <result column="OBJ_ORGCODE" property="objOrgcode" jdbcType="VARCHAR" />
    <result column="RECEIVE_STATUS" property="receiveStatus" jdbcType="VARCHAR" />
    <result column="RECEIVE_DATE" property="receiveDate" jdbcType="VARCHAR" />
    <result column="RECEIVE_TIME" property="receiveTime" jdbcType="VARCHAR" />
    <result column="SUBMIT_EMP" property="submitEmp" jdbcType="DECIMAL" />
    <result column="SUBMIT_TIME" property="submitTime" jdbcType="VARCHAR" />
  </resultMap>
  <resultMap id="abatorgenerated_TMessageReceive_HashMapResult" class="java.util.HashMap" >
    <!--HashMap方式返回全表-->
    <result column="REC_ID" property="recId" jdbcType="DECIMAL" />
    <result column="MESSAGE_ID" property="messageId" jdbcType="DECIMAL" />
    <result column="TYPE" property="type" jdbcType="VARCHAR" />
    <result column="RECEIVE_OBJECT" property="receiveObject" jdbcType="VARCHAR" />
    <result column="OBJ_ORGCODE" property="objOrgcode" jdbcType="VARCHAR" />
    <result column="RECEIVE_STATUS" property="receiveStatus" jdbcType="VARCHAR" />
    <result column="RECEIVE_DATE" property="receiveDate" jdbcType="VARCHAR" />
    <result column="RECEIVE_TIME" property="receiveTime" jdbcType="VARCHAR" />
    <result column="SUBMIT_EMP" property="submitEmp" jdbcType="DECIMAL" />
    <result column="SUBMIT_TIME" property="submitTime" jdbcType="VARCHAR" />
  </resultMap>
  
    <resultMap id="judgeIsReaded_HashMapResult" class="java.util.HashMap" >
    <!--HashMap方式返回全表-->
    <result column="REC_ID" property="recId" jdbcType="DECIMAL" />
    <result column="MESSAGE_ID" property="messageId" jdbcType="DECIMAL" />
    <result column="EMPID" property="empId" jdbcType="DECIMAL" />
  </resultMap>
  
  <!-- 判断empId的用户是否接收到信息 -->
  <select id="judgeIsReceived" resultMap="abatorgenerated_TMessageReceiveResult" parameterClass="com.gotop.messageReceive.model.TMessageReceive" >
        select REC_ID, MESSAGE_ID, TYPE, RECEIVE_OBJECT, OBJ_ORGCODE, RECEIVE_STATUS, RECEIVE_DATE,
      RECEIVE_TIME, SUBMIT_EMP, SUBMIT_TIME
    from T_MESSAGE_RECEIVE
    where MESSAGE_ID = #messageId:DECIMAL#
    and RECEIVE_OBJECT = #receiveObject:VARCHAR#
  </select>
  
  <select id="judgeIsReaded" resultMap="judgeIsReaded_HashMapResult"  parameterClass="java.util.HashMap">
      select REC_ID,MESSAGE_ID,EMPID from T_MESSAGE_RED_PER 
      where MESSAGE_ID = #messageId#
      and EMPID = #empId#
  </select>
  
  <delete id="deleteReaded" parameterClass="java.util.HashMap">
     delete from T_MESSAGE_RED_PER 
      where MESSAGE_ID = #messageId#
      and EMPID = #empId#
  </delete>
  
  <select id="abatorgenerated_selectByPrimaryKey" resultMap="abatorgenerated_TMessageReceiveResult" parameterClass="com.gotop.messageReceive.model.TMessageReceive" >
    <!--通过主键查询一条数据-->
    select REC_ID, MESSAGE_ID, TYPE, RECEIVE_OBJECT, OBJ_ORGCODE, RECEIVE_STATUS, RECEIVE_DATE,
      RECEIVE_TIME, SUBMIT_EMP, SUBMIT_TIME
    from T_MESSAGE_RECEIVE
    where REC_ID = #recId:DECIMAL#
  </select>
  <select id="abatorgenerated_selectByExample" resultMap="abatorgenerated_TMessageReceiveResult" parameterClass="com.gotop.messageReceive.model.TMessageReceiveExample" >
    <!--通过查询实体,查询满足条件的记录-->
    select REC_ID, MESSAGE_ID, TYPE, RECEIVE_OBJECT, OBJ_ORGCODE, RECEIVE_STATUS, RECEIVE_DATE,
      RECEIVE_TIME, SUBMIT_EMP, SUBMIT_TIME
    from T_MESSAGE_RECEIVE
    <isParameterPresent >
      <include refid="COMMON.abatorgenerated_Example_Where_Clause" />
      <isNotNull property="orderByClause" >
        order by $orderByClause$
      </isNotNull>
    </isParameterPresent>
  </select>
  <select id="abatorgenerated_expandEntityByTemplate" resultMap="abatorgenerated_TMessageReceiveResult" parameterClass="com.gotop.messageReceive.model.TMessageReceive" >
    <!--根据Bean数据模板查询条件查询所有记录，可查询分页数据-->
    select REC_ID, MESSAGE_ID, TYPE, RECEIVE_OBJECT, OBJ_ORGCODE, RECEIVE_STATUS, RECEIVE_DATE,
      RECEIVE_TIME, SUBMIT_EMP, SUBMIT_TIME
    from T_MESSAGE_RECEIVE where <![CDATA[ rownum<2 ]]>
    <dynamic >
      <isNotNull prepend="and" property="recId" >
        REC_ID = #recId:DECIMAL#
      </isNotNull>
      <isNotNull prepend="and" property="messageId" >
        MESSAGE_ID = #messageId:DECIMAL#
      </isNotNull>
      <isNotNull prepend="and" property="type" >
        TYPE = #type:VARCHAR#
      </isNotNull>
      <isNotNull prepend="and" property="receiveObject" >
        RECEIVE_OBJECT = #receiveObject:VARCHAR#
      </isNotNull>
      <isNotNull prepend="and" property="objOrgcode" >
        OBJ_ORGCODE = #objOrgcode:VARCHAR#
      </isNotNull>
      <isNotNull prepend="and" property="receiveStatus" >
        RECEIVE_STATUS = #receiveStatus:VARCHAR#
      </isNotNull>
      <isNotNull prepend="and" property="receiveDate" >
        RECEIVE_DATE = #receiveDate:VARCHAR#
      </isNotNull>
      <isNotNull prepend="and" property="receiveTime" >
        RECEIVE_TIME = #receiveTime:VARCHAR#
      </isNotNull>
      <isNotNull prepend="and" property="submitEmp" >
        SUBMIT_EMP = #submitEmp:DECIMAL#
      </isNotNull>
      <isNotNull prepend="and" property="submitTime" >
        SUBMIT_TIME = #submitTime:VARCHAR#
      </isNotNull>
    </dynamic>
  </select>
  <select id="abatorgenerated_queryEntitiesByTemplate" resultMap="abatorgenerated_TMessageReceiveResult" parameterClass="com.gotop.messageReceive.model.TMessageReceive" >
    <!--根据Bean数据模板查询条件查询所有记录，可查询分页数据-->
    select REC_ID, MESSAGE_ID, TYPE, RECEIVE_OBJECT, OBJ_ORGCODE, RECEIVE_STATUS, RECEIVE_DATE,
      RECEIVE_TIME, SUBMIT_EMP, SUBMIT_TIME
    from T_MESSAGE_RECEIVE
    <dynamic prepend="where" >
      <isNotNull prepend="and" property="recId" >
        REC_ID = #recId:DECIMAL#
      </isNotNull>
      <isNotNull prepend="and" property="messageId" >
        MESSAGE_ID = #messageId:DECIMAL#
      </isNotNull>
      <isNotNull prepend="and" property="type" >
        TYPE = #type:VARCHAR#
      </isNotNull>
      <isNotNull prepend="and" property="receiveObject" >
        RECEIVE_OBJECT = #receiveObject:VARCHAR#
      </isNotNull>
      <isNotNull prepend="and" property="objOrgcode" >
        OBJ_ORGCODE = #objOrgcode:VARCHAR#
      </isNotNull>
      <isNotNull prepend="and" property="receiveStatus" >
        RECEIVE_STATUS = #receiveStatus:VARCHAR#
      </isNotNull>
      <isNotNull prepend="and" property="receiveDate" >
        RECEIVE_DATE = #receiveDate:VARCHAR#
      </isNotNull>
      <isNotNull prepend="and" property="receiveTime" >
        RECEIVE_TIME = #receiveTime:VARCHAR#
      </isNotNull>
      <isNotNull prepend="and" property="submitEmp" >
        SUBMIT_EMP = #submitEmp:DECIMAL#
      </isNotNull>
      <isNotNull prepend="and" property="submitTime" >
        SUBMIT_TIME = #submitTime:VARCHAR#
      </isNotNull>
    </dynamic>
  </select>
  <delete id="abatorgenerated_deleteByPrimaryKey" parameterClass="com.gotop.messageReceive.model.TMessageReceive" >
    <!--
      WARNING - This element is automatically generated by Abator for iBATIS, do not modify.
      This element was generated on .
    -->
    <!--通过主键删除一条记录-->
    delete from T_MESSAGE_RECEIVE
    where REC_ID = #recId:DECIMAL#
  </delete>
  <delete id="abatorgenerated_deleteByExample" parameterClass="com.gotop.messageReceive.model.TMessageReceiveExample" >
    <!--通过查询实例，删除满足条件的数据-->
    delete from T_MESSAGE_RECEIVE
    <include refid="COMMON.abatorgenerated_Example_Where_Clause" />
  </delete>
  <delete id="abatorgenerated_deleteByTemplate" parameterClass="com.gotop.messageReceive.model.TMessageReceive" >
    <!--根据Bean数据模板查询条件删除记录-->
    delete from T_MESSAGE_RECEIVE
    <dynamic prepend="where" >
      <isNotEmpty prepend="and" property="recId" >
        REC_ID = #recId:DECIMAL#
      </isNotEmpty>
      <isNotEmpty prepend="and" property="messageId" >
        MESSAGE_ID = #messageId:DECIMAL#
      </isNotEmpty>
      <isNotEmpty prepend="and" property="type" >
        TYPE = #type:VARCHAR#
      </isNotEmpty>
      <isNotEmpty prepend="and" property="receiveObject" >
        RECEIVE_OBJECT = #receiveObject:VARCHAR#
      </isNotEmpty>
      <isNotEmpty prepend="and" property="objOrgcode" >
        OBJ_ORGCODE = #objOrgcode:VARCHAR#
      </isNotEmpty>
      <isNotEmpty prepend="and" property="receiveStatus" >
        RECEIVE_STATUS = #receiveStatus:VARCHAR#
      </isNotEmpty>
      <isNotEmpty prepend="and" property="receiveDate" >
        RECEIVE_DATE = #receiveDate:VARCHAR#
      </isNotEmpty>
      <isNotEmpty prepend="and" property="receiveTime" >
        RECEIVE_TIME = #receiveTime:VARCHAR#
      </isNotEmpty>
      <isNotEmpty prepend="and" property="submitEmp" >
        SUBMIT_EMP = #submitEmp:DECIMAL#
      </isNotEmpty>
      <isNotEmpty prepend="and" property="submitTime" >
        SUBMIT_TIME = #submitTime:VARCHAR#
      </isNotEmpty>
    </dynamic>
  </delete>
  <insert id="abatorgenerated_insert" parameterClass="com.gotop.messageReceive.model.TMessageReceive" >
    <!--通过主键更新整条数据-->
     <selectKey resultClass="long" keyProperty="recId">
		SELECT T_MESSAGE_RECEIVE_SEQ.NEXTVAL AS VALUE FROM DUAL
		</selectKey>
    insert into T_MESSAGE_RECEIVE (REC_ID, MESSAGE_ID, TYPE, RECEIVE_OBJECT, OBJ_ORGCODE,
      RECEIVE_STATUS, RECEIVE_DATE, RECEIVE_TIME, SUBMIT_EMP,SUBMIT_DATE, SUBMIT_TIME)
    values (#recId:DECIMAL:-9999#, #messageId:DECIMAL:-9999#, #type:VARCHAR#,
      #receiveObject:VARCHAR#, #objOrgcode:VARCHAR#, #receiveStatus:VARCHAR#, #receiveDate:VARCHAR#,
      #receiveTime:VARCHAR#, #submitEmp:DECIMAL:-9999#, to_char(sysdate,'yyyyMMdd'),to_char(sysdate,'hh24miss'))
  </insert>
  <update id="abatorgenerated_updateByPrimaryKey" parameterClass="com.gotop.messageReceive.model.TMessageReceive" >
    <!--通过主键更新一条全部字段内容-->
    update T_MESSAGE_RECEIVE
    set MESSAGE_ID = #messageId:DECIMAL:-9999#,
      TYPE = #type:VARCHAR#,
      RECEIVE_OBJECT = #receiveObject:VARCHAR#,
      OBJ_ORGCODE = #objOrgcode:VARCHAR#,
      RECEIVE_STATUS = #receiveStatus:VARCHAR#,
      RECEIVE_DATE = #receiveDate:VARCHAR#,
      RECEIVE_TIME = #receiveTime:VARCHAR#,
      SUBMIT_EMP = #submitEmp:DECIMAL:-9999#,
      SUBMIT_TIME = #submitTime:VARCHAR#
    where REC_ID = #recId:DECIMAL#
  </update>
  <update id="abatorgenerated_updateByPrimaryKeySelective" parameterClass="com.gotop.messageReceive.model.TMessageReceive" >
    <!--通过主键更新部分字段，部分字段说明：当字段为null时不更新，当字段值为''空值是更新为空值-->
    update T_MESSAGE_RECEIVE
    <dynamic prepend="set" >
      <isNotNull prepend="," property="messageId" >
        MESSAGE_ID = #messageId:DECIMAL:-9999#
      </isNotNull>
      <isNotNull prepend="," property="type" >
        TYPE = #type:VARCHAR#
      </isNotNull>
      <isNotNull prepend="," property="receiveObject" >
        RECEIVE_OBJECT = #receiveObject:VARCHAR#
      </isNotNull>
      <isNotNull prepend="," property="objOrgcode" >
        OBJ_ORGCODE = #objOrgcode:VARCHAR#
      </isNotNull>
      <isNotNull prepend="," property="receiveStatus" >
        RECEIVE_STATUS = #receiveStatus:VARCHAR#
      </isNotNull>
      <isNotNull prepend="," property="receiveDate" >
        RECEIVE_DATE = #receiveDate:VARCHAR#
      </isNotNull>
      <isNotNull prepend="," property="receiveTime" >
        RECEIVE_TIME = #receiveTime:VARCHAR#
      </isNotNull>
      <isNotNull prepend="," property="submitEmp" >
        SUBMIT_EMP = #submitEmp:DECIMAL:-9999#
      </isNotNull>
      <isNotNull prepend="," property="submitTime" >
        SUBMIT_TIME = #submitTime:VARCHAR#
      </isNotNull>
    </dynamic>
    where REC_ID = #recId:DECIMAL#
  </update>
  <select id="abatorgenerated_countByExample" parameterClass="com.gotop.messageReceive.model.TMessageReceiveExample" resultClass="java.lang.Integer" >
    <!--通过查询实例，统计总数-->
    select count(*) from T_MESSAGE_RECEIVE
    <include refid="COMMON.abatorgenerated_Example_Where_Clause" />
  </select>
  <select id="abatorgenerated_countByTemplate" parameterClass="com.gotop.messageReceive.model.TMessageReceive" resultClass="java.lang.Integer" >
    <!--通过查询Bean数据模板，统计总数-->
    select count(*) from T_MESSAGE_RECEIVE
    <dynamic prepend="where" >
      <isNotNull prepend="and" property="recId" >
        REC_ID = #recId:DECIMAL#
      </isNotNull>
      <isNotNull prepend="and" property="messageId" >
        MESSAGE_ID = #messageId:DECIMAL#
      </isNotNull>
      <isNotNull prepend="and" property="type" >
        TYPE = #type:VARCHAR#
      </isNotNull>
      <isNotNull prepend="and" property="receiveObject" >
        RECEIVE_OBJECT = #receiveObject:VARCHAR#
      </isNotNull>
      <isNotNull prepend="and" property="objOrgcode" >
        OBJ_ORGCODE = #objOrgcode:VARCHAR#
      </isNotNull>
      <isNotNull prepend="and" property="receiveStatus" >
        RECEIVE_STATUS = #receiveStatus:VARCHAR#
      </isNotNull>
      <isNotNull prepend="and" property="receiveDate" >
        RECEIVE_DATE = #receiveDate:VARCHAR#
      </isNotNull>
      <isNotNull prepend="and" property="receiveTime" >
        RECEIVE_TIME = #receiveTime:VARCHAR#
      </isNotNull>
      <isNotNull prepend="and" property="submitEmp" >
        SUBMIT_EMP = #submitEmp:DECIMAL#
      </isNotNull>
      <isNotNull prepend="and" property="submitTime" >
        SUBMIT_TIME = #submitTime:VARCHAR#
      </isNotNull>
    </dynamic>
  </select>
  <update id="abatorgenerated_updateByExampleSelective" >
    <!--通过查询实例，更新非null字段-->
    update T_MESSAGE_RECEIVE
    <dynamic prepend="set" >
      <isNotNull prepend="," property="record.recId" >
        REC_ID = #record.recId:DECIMAL:-9999#
      </isNotNull>
      <isNotNull prepend="," property="record.messageId" >
        MESSAGE_ID = #record.messageId:DECIMAL:-9999#
      </isNotNull>
      <isNotNull prepend="," property="record.type" >
        TYPE = #record.type:VARCHAR#
      </isNotNull>
      <isNotNull prepend="," property="record.receiveObject" >
        RECEIVE_OBJECT = #record.receiveObject:VARCHAR#
      </isNotNull>
      <isNotNull prepend="," property="record.objOrgcode" >
        OBJ_ORGCODE = #record.objOrgcode:VARCHAR#
      </isNotNull>
      <isNotNull prepend="," property="record.receiveStatus" >
        RECEIVE_STATUS = #record.receiveStatus:VARCHAR#
      </isNotNull>
      <isNotNull prepend="," property="record.receiveDate" >
        RECEIVE_DATE = #record.receiveDate:VARCHAR#
      </isNotNull>
      <isNotNull prepend="," property="record.receiveTime" >
        RECEIVE_TIME = #record.receiveTime:VARCHAR#
      </isNotNull>
      <isNotNull prepend="," property="record.submitEmp" >
        SUBMIT_EMP = #record.submitEmp:DECIMAL:-9999#
      </isNotNull>
      <isNotNull prepend="," property="record.submitTime" >
        SUBMIT_TIME = #record.submitTime:VARCHAR#
      </isNotNull>
    </dynamic>
    <isParameterPresent >
      <include refid="COMMON.abatorgenerated_Example_Where_Clause" />
    </isParameterPresent>
  </update>
  <update id="abatorgenerated_updateByExample" >
    <!--通过查询实例，更新全部字段-->
    update T_MESSAGE_RECEIVE
    set REC_ID = #record.recId:DECIMAL:-9999#,
      MESSAGE_ID = #record.messageId:DECIMAL:-9999#,
      TYPE = #record.type:VARCHAR#,
      RECEIVE_OBJECT = #record.receiveObject:VARCHAR#,
      OBJ_ORGCODE = #record.objOrgcode:VARCHAR#,
      RECEIVE_STATUS = #record.receiveStatus:VARCHAR#,
      RECEIVE_DATE = #record.receiveDate:VARCHAR#,
      RECEIVE_TIME = #record.receiveTime:VARCHAR#,
      SUBMIT_EMP = #record.submitEmp:DECIMAL:-9999#,
      SUBMIT_TIME = #record.submitTime:VARCHAR#
    <isParameterPresent >
      <include refid="COMMON.abatorgenerated_Example_Where_Clause" />
    </isParameterPresent>
  </update>
  <update id="abatorgenerated_updateEntityByTemplate" >
    <!--根据Bean数据模板查询条件更新记录-->
    update T_MESSAGE_RECEIVE
    <dynamic prepend="set" >
      <isNotEmpty prepend="," property="record.recId" >
        REC_ID = #record.recId:DECIMAL:-9999#
      </isNotEmpty>
      <isNotEmpty prepend="," property="record.messageId" >
        MESSAGE_ID = #record.messageId:DECIMAL:-9999#
      </isNotEmpty>
      <isNotEmpty prepend="," property="record.type" >
        TYPE = #record.type:VARCHAR#
      </isNotEmpty>
      <isNotEmpty prepend="," property="record.receiveObject" >
        RECEIVE_OBJECT = #record.receiveObject:VARCHAR#
      </isNotEmpty>
      <isNotEmpty prepend="," property="record.objOrgcode" >
        OBJ_ORGCODE = #record.objOrgcode:VARCHAR#
      </isNotEmpty>
      <isNotEmpty prepend="," property="record.receiveStatus" >
        RECEIVE_STATUS = #record.receiveStatus:VARCHAR#
      </isNotEmpty>
      <isNotEmpty prepend="," property="record.receiveDate" >
        RECEIVE_DATE = #record.receiveDate:VARCHAR#
      </isNotEmpty>
      <isNotEmpty prepend="," property="record.receiveTime" >
        RECEIVE_TIME = #record.receiveTime:VARCHAR#
      </isNotEmpty>
      <isNotEmpty prepend="," property="record.submitEmp" >
        SUBMIT_EMP = #record.submitEmp:DECIMAL:-9999#
      </isNotEmpty>
      <isNotEmpty prepend="," property="record.submitTime" >
        SUBMIT_TIME = #record.submitTime:VARCHAR#
      </isNotEmpty>
    </dynamic>
    <dynamic prepend="where" >
      <isNotEmpty prepend="and" property="template.recId" >
        REC_ID = #recId:DECIMAL#
      </isNotEmpty>
      <isNotEmpty prepend="and" property="template.messageId" >
        MESSAGE_ID = #messageId:DECIMAL#
      </isNotEmpty>
      <isNotEmpty prepend="and" property="template.type" >
        TYPE = #type:VARCHAR#
      </isNotEmpty>
      <isNotEmpty prepend="and" property="template.receiveObject" >
        RECEIVE_OBJECT = #receiveObject:VARCHAR#
      </isNotEmpty>
      <isNotEmpty prepend="and" property="template.objOrgcode" >
        OBJ_ORGCODE = #objOrgcode:VARCHAR#
      </isNotEmpty>
      <isNotEmpty prepend="and" property="template.receiveStatus" >
        RECEIVE_STATUS = #receiveStatus:VARCHAR#
      </isNotEmpty>
      <isNotEmpty prepend="and" property="template.receiveDate" >
        RECEIVE_DATE = #receiveDate:VARCHAR#
      </isNotEmpty>
      <isNotEmpty prepend="and" property="template.receiveTime" >
        RECEIVE_TIME = #receiveTime:VARCHAR#
      </isNotEmpty>
      <isNotEmpty prepend="and" property="template.submitEmp" >
        SUBMIT_EMP = #submitEmp:DECIMAL#
      </isNotEmpty>
      <isNotEmpty prepend="and" property="template.submitTime" >
        SUBMIT_TIME = #submitTime:VARCHAR#
      </isNotEmpty>
    </dynamic>
  </update>
  <select id="abatorgenerated_selectByMapAndPage" resultMap="abatorgenerated_TMessageReceive_HashMapResult" parameterClass="java.util.HashMap" >
    <!--通过Map方式的动态条件，查询分页数据-->
    select REC_ID, MESSAGE_ID, TYPE, RECEIVE_OBJECT, OBJ_ORGCODE, RECEIVE_STATUS, RECEIVE_DATE,
      RECEIVE_TIME, SUBMIT_EMP, SUBMIT_TIME
    from T_MESSAGE_RECEIVE
    <dynamic prepend="where" >
      <isNotNull prepend="and" property="recId" >
        REC_ID = #recId:DECIMAL#
      </isNotNull>
      <isNotNull prepend="and" property="messageId" >
        MESSAGE_ID = #messageId:DECIMAL#
      </isNotNull>
      <isNotNull prepend="and" property="type" >
        TYPE = #type:VARCHAR#
      </isNotNull>
      <isNotNull prepend="and" property="receiveObject" >
        RECEIVE_OBJECT = #receiveObject:VARCHAR#
      </isNotNull>
      <isNotNull prepend="and" property="objOrgcode" >
        OBJ_ORGCODE = #objOrgcode:VARCHAR#
      </isNotNull>
      <isNotNull prepend="and" property="receiveStatus" >
        RECEIVE_STATUS = #receiveStatus:VARCHAR#
      </isNotNull>
      <isNotNull prepend="and" property="receiveDate" >
        RECEIVE_DATE = #receiveDate:VARCHAR#
      </isNotNull>
      <isNotNull prepend="and" property="receiveTime" >
        RECEIVE_TIME = #receiveTime:VARCHAR#
      </isNotNull>
      <isNotNull prepend="and" property="submitEmp" >
        SUBMIT_EMP = #submitEmp:DECIMAL#
      </isNotNull>
      <isNotNull prepend="and" property="submitTime" >
        SUBMIT_TIME = #submitTime:VARCHAR#
      </isNotNull>
    </dynamic>
  </select>
  <select id="abatorgenerated_selectByExampleAndPage" resultMap="abatorgenerated_TMessageReceiveResult" parameterClass="com.gotop.messageReceive.model.TMessageReceiveExample" >
    <!--通过Bean方式的动态条件，查询分页数据-->
    select REC_ID, MESSAGE_ID, TYPE, RECEIVE_OBJECT, OBJ_ORGCODE, RECEIVE_STATUS, RECEIVE_DATE,
      RECEIVE_TIME, SUBMIT_EMP, SUBMIT_TIME
    from T_MESSAGE_RECEIVE
    <isParameterPresent >
      <include refid="COMMON.abatorgenerated_Example_Where_Clause" />
    </isParameterPresent>
  </select>
</sqlMap>