<?xml version="1.0" encoding="UTF-8"?>
<!DOCTYPE sqlMap PUBLIC "-//ibatis.apache.org//DTD SQL Map 2.0//EN" "http://ibatis.apache.org/dtd/sql-map-2.dtd">
<sqlMap namespace="T_WORK_MONTH_REPORTS_SqlMap">
<resultMap class="com.gotop.monthReport.model.TWorkMonthReports" id="abatorgenerated_TWorkMonthReportsResult">
    <!--Bean方式返回全表-->
    <result column="REPORT_ID" jdbcType="DECIMAL" property="reportId" />
    <result column="FLOW_ID" jdbcType="VARCHAR" property="flowId" />
    <result column="REPORT_TITLE" jdbcType="VARCHAR" property="reportTitle" />
    <result column="CONTENT" jdbcType="VARCHAR" property="content" />
    <result column="CREATOR" jdbcType="VARCHAR" property="creator" />
    <result column="CREATE_DATE" jdbcType="VARCHAR" property="createDate" />
    <result column="CREATE_TIME" jdbcType="VARCHAR" property="createTime" />
    <result column="CREATE_NAME" jdbcType="VARCHAR" property="createName" />
    <result column="ORGID" jdbcType="VARCHAR" property="orgid" />
    <result column="ORGNAME" jdbcType="VARCHAR" property="orgname" />
    <result column="REPORT_MONTH" jdbcType="VARCHAR" property="reportMonth" />
  </resultMap>
<resultMap class="java.util.HashMap" id="abatorgenerated_TWorkMonthReports_HashMapResult">
    <!--HashMap方式返回全表-->
    <result column="REPORT_ID" jdbcType="DECIMAL" property="reportId" />
    <result column="FLOW_ID" jdbcType="VARCHAR" property="flowId" />
    <result column="REPORT_TITLE" jdbcType="VARCHAR" property="reportTitle" />
    <result column="CONTENT" jdbcType="VARCHAR" property="content" />
    <result column="CREATOR" jdbcType="VARCHAR" property="creator" />
    <result column="CREATE_DATE" jdbcType="VARCHAR" property="createDate" />
    <result column="CREATE_TIME" jdbcType="VARCHAR" property="createTime" />
    <result column="CREATE_NAME" jdbcType="VARCHAR" property="createName" />
    <result column="ORGID" jdbcType="VARCHAR" property="orgid" />
    <result column="REPORT_MONTH" jdbcType="VARCHAR" property="reportMonth" />
  </resultMap>


  


  


  

<select id="abatorgenerated_selectByPrimaryKey" parameterClass="com.gotop.monthReport.model.TWorkMonthReports" resultMap="abatorgenerated_TWorkMonthReportsResult">
    <!--通过主键查询一条数据-->
    select w.REPORT_ID, w.FLOW_ID, w.REPORT_TITLE, w.CONTENT, w.CREATOR, w.CREATE_DATE, w.CREATE_TIME,
      w.CREATE_NAME, w.ORGID, o.ORGNAME, w.REPORT_MONTH
    from T_WORK_MONTH_REPORTS w,om_organization o
    where w.REPORT_ID = #reportId:DECIMAL# and w.orgid = o.orgid
  </select>


  

<select id="abatorgenerated_selectByExample" parameterClass="com.gotop.monthReport.model.TWorkMonthReportsExample" resultMap="abatorgenerated_TWorkMonthReportsResult">
    <!--通过查询实体,查询满足条件的记录-->
    select REPORT_ID, FLOW_ID, REPORT_TITLE, CONTENT, CREATOR, CREATE_DATE, CREATE_TIME,
      CREATE_NAME, ORGID, REPORT_MONTH
    from T_WORK_MONTH_REPORTS
    <isParameterPresent>
      <include refid="COMMON.abatorgenerated_Example_Where_Clause" />
      <isNotNull property="orderByClause">
        order by $orderByClause$
      </isNotNull>
    </isParameterPresent>
  </select>


  

<select id="abatorgenerated_expandEntityByTemplate" parameterClass="com.gotop.monthReport.model.TWorkMonthReports" resultMap="abatorgenerated_TWorkMonthReportsResult">
    <!--根据Bean数据模板查询条件查询所有记录，可查询分页数据-->
    select REPORT_ID, FLOW_ID, REPORT_TITLE, CONTENT, CREATOR, CREATE_DATE, CREATE_TIME,
      CREATE_NAME, ORGID, REPORT_MONTH
    from T_WORK_MONTH_REPORTS where <![CDATA[ rownum<2 ]]>
    <dynamic>
      <isNotNull prepend="and" property="reportId">
        REPORT_ID = #reportId:DECIMAL#
      </isNotNull>
      <isNotNull prepend="and" property="flowId">
        FLOW_ID = #flowId:VARCHAR#
      </isNotNull>
      <isNotNull prepend="and" property="reportTitle">
        REPORT_TITLE = #reportTitle:VARCHAR#
      </isNotNull>
      <isNotNull prepend="and" property="content">
        CONTENT = #content:VARCHAR#
      </isNotNull>
      <isNotNull prepend="and" property="creator">
        CREATOR = #creator:VARCHAR#
      </isNotNull>
      <isNotNull prepend="and" property="createDate">
        CREATE_DATE = #createDate:VARCHAR#
      </isNotNull>
      <isNotNull prepend="and" property="createTime">
        CREATE_TIME = #createTime:VARCHAR#
      </isNotNull>
      <isNotNull prepend="and" property="createName">
        CREATE_NAME = #createName:VARCHAR#
      </isNotNull>
      <isNotNull prepend="and" property="orgid">
        ORGID = #orgid:DECIMAL#
      </isNotNull>
      <isNotNull prepend="and" property="reportMonth">
        REPORT_MONTH = #reportMonth:VARCHAR#
      </isNotNull>
    </dynamic>
  </select>


  

<select id="abatorgenerated_queryEntitiesByTemplate" parameterClass="com.gotop.monthReport.model.TWorkMonthReports" resultMap="abatorgenerated_TWorkMonthReportsResult">
    <!--根据Bean数据模板查询条件查询所有记录，可查询分页数据-->
    select REPORT_ID, FLOW_ID, REPORT_TITLE, CONTENT, CREATOR, CREATE_DATE, CREATE_TIME,
      CREATE_NAME, ORGID, REPORT_MONTH
    from T_WORK_MONTH_REPORTS
    <dynamic prepend="where">
      <isNotNull prepend="and" property="reportId">
        REPORT_ID = #reportId:DECIMAL#
      </isNotNull>
      <isNotNull prepend="and" property="flowId">
        FLOW_ID = #flowId:VARCHAR#
      </isNotNull>
      <isNotNull prepend="and" property="reportTitle">
        REPORT_TITLE = #reportTitle:VARCHAR#
      </isNotNull>
      <isNotNull prepend="and" property="content">
        CONTENT = #content:VARCHAR#
      </isNotNull>
      <isNotNull prepend="and" property="creator">
        CREATOR = #creator:VARCHAR#
      </isNotNull>
      <isNotNull prepend="and" property="createDate">
        CREATE_DATE = #createDate:VARCHAR#
      </isNotNull>
      <isNotNull prepend="and" property="createTime">
        CREATE_TIME = #createTime:VARCHAR#
      </isNotNull>
      <isNotNull prepend="and" property="createName">
        CREATE_NAME = #createName:VARCHAR#
      </isNotNull>
      <isNotNull prepend="and" property="orgid">
        ORGID = #orgid:DECIMAL#
      </isNotNull>
      <isNotNull prepend="and" property="reportMonth">
        REPORT_MONTH = #reportMonth:VARCHAR#
      </isNotNull>
    </dynamic>
  </select>


  

<delete id="abatorgenerated_deleteByPrimaryKey" parameterClass="com.gotop.monthReport.model.TWorkMonthReports">
    <!--
      WARNING - This element is automatically generated by Abator for iBATIS, do not modify.
      This element was generated on .
    -->
    <!--通过主键删除一条记录-->
    delete from T_WORK_MONTH_REPORTS
    where REPORT_ID = #reportId:DECIMAL#
  </delete>


  

<delete id="abatorgenerated_deleteByExample" parameterClass="com.gotop.monthReport.model.TWorkMonthReportsExample">
    <!--通过查询实例，删除满足条件的数据-->
    delete from T_WORK_MONTH_REPORTS
    <include refid="COMMON.abatorgenerated_Example_Where_Clause" />
  </delete>


  

<delete id="abatorgenerated_deleteByTemplate" parameterClass="com.gotop.monthReport.model.TWorkMonthReports">
    <!--根据Bean数据模板查询条件删除记录-->
    delete from T_WORK_MONTH_REPORTS
    <dynamic prepend="where">
      <isNotEmpty prepend="and" property="reportId">
        REPORT_ID = #reportId:DECIMAL#
      </isNotEmpty>
      <isNotEmpty prepend="and" property="flowId">
        FLOW_ID = #flowId:VARCHAR#
      </isNotEmpty>
      <isNotEmpty prepend="and" property="reportTitle">
        REPORT_TITLE = #reportTitle:VARCHAR#
      </isNotEmpty>
      <isNotEmpty prepend="and" property="content">
        CONTENT = #content:VARCHAR#
      </isNotEmpty>
      <isNotEmpty prepend="and" property="creator">
        CREATOR = #creator:VARCHAR#
      </isNotEmpty>
      <isNotEmpty prepend="and" property="createDate">
        CREATE_DATE = #createDate:VARCHAR#
      </isNotEmpty>
      <isNotEmpty prepend="and" property="createTime">
        CREATE_TIME = #createTime:VARCHAR#
      </isNotEmpty>
      <isNotEmpty prepend="and" property="createName">
        CREATE_NAME = #createName:VARCHAR#
      </isNotEmpty>
      <isNotEmpty prepend="and" property="orgid">
        ORGID = #orgid:DECIMAL#
      </isNotEmpty>
      <isNotEmpty prepend="and" property="reportMonth">
        REPORT_MONTH = #reportMonth:VARCHAR#
      </isNotEmpty>
    </dynamic>
  </delete>


  

<insert id="abatorgenerated_insert" parameterClass="com.gotop.monthReport.model.TWorkMonthReports">
    <!--通过主键更新整条数据-->
    <selectKey resultClass="java.lang.Long" keyProperty="reportId" >
      select T_WORK_MONTH_REPORTS_SEQ.nextval from dual
    </selectKey>
    insert into T_WORK_MONTH_REPORTS (REPORT_ID, FLOW_ID, REPORT_TITLE, CONTENT, CREATOR,
      CREATE_DATE, CREATE_TIME, CREATE_NAME, ORGID, REPORT_MONTH)
    values (#reportId:DECIMAL:-9999#, #flowId:VARCHAR#, #reportTitle:VARCHAR#, #content:VARCHAR#,
      #creator:VARCHAR#, #createDate:VARCHAR#, #createTime:VARCHAR#, #createName:VARCHAR#,
      #orgid:DECIMAL#, #reportMonth:VARCHAR#)
  </insert>


  

<update id="abatorgenerated_updateByPrimaryKey" parameterClass="com.gotop.monthReport.model.TWorkMonthReports">
    <!--通过主键更新一条全部字段内容-->
    update T_WORK_MONTH_REPORTS
    set FLOW_ID = #flowId:VARCHAR#,
      REPORT_TITLE = #reportTitle:VARCHAR#,
      CONTENT = #content:VARCHAR#,
      CREATOR = #creator:VARCHAR#,
      CREATE_DATE = #createDate:VARCHAR#,
      CREATE_TIME = #createTime:VARCHAR#,
      CREATE_NAME = #createName:VARCHAR#,
      ORGID = #orgid:DECIMAL#,
      REPORT_MONTH = #reportMonth:VARCHAR#
    where REPORT_ID = #reportId:DECIMAL#
  </update>


  

<update id="abatorgenerated_updateByPrimaryKeySelective" parameterClass="com.gotop.monthReport.model.TWorkMonthReports">
    <!--通过主键更新部分字段，部分字段说明：当字段为null时不更新，当字段值为''空值是更新为空值-->
    update T_WORK_MONTH_REPORTS
    <dynamic prepend="set">
      <isNotNull prepend="," property="flowId">
        FLOW_ID = #flowId:VARCHAR#
      </isNotNull>
      <isNotNull prepend="," property="reportTitle">
        REPORT_TITLE = #reportTitle:VARCHAR#
      </isNotNull>
      <isNotNull prepend="," property="content">
        CONTENT = #content:VARCHAR#
      </isNotNull>
      <isNotNull prepend="," property="creator">
        CREATOR = #creator:VARCHAR#
      </isNotNull>
      <isNotNull prepend="," property="createDate">
        CREATE_DATE = #createDate:VARCHAR#
      </isNotNull>
      <isNotNull prepend="," property="createTime">
        CREATE_TIME = #createTime:VARCHAR#
      </isNotNull>
      <isNotNull prepend="," property="createName">
        CREATE_NAME = #createName:VARCHAR#
      </isNotNull>
      <isNotNull prepend="," property="orgid">
        ORGID = #orgid:DECIMAL#
      </isNotNull>
      <isNotNull prepend="," property="reportMonth">
        REPORT_MONTH = #reportMonth:VARCHAR#
      </isNotNull>
    </dynamic>
    where REPORT_ID = #reportId:DECIMAL#
  </update>


  

<select id="abatorgenerated_countByExample" parameterClass="com.gotop.monthReport.model.TWorkMonthReportsExample" resultClass="java.lang.Integer">
    <!--通过查询实例，统计总数-->
    select count(*) from T_WORK_MONTH_REPORTS
    <include refid="COMMON.abatorgenerated_Example_Where_Clause" />
  </select>


  

<select id="abatorgenerated_countByTemplate" parameterClass="com.gotop.monthReport.model.TWorkMonthReports" resultClass="java.lang.Integer">
    <!--通过查询Bean数据模板，统计总数-->
    select count(*) from T_WORK_MONTH_REPORTS
    <dynamic prepend="where">
      <isNotNull prepend="and" property="reportId">
        REPORT_ID = #reportId:DECIMAL#
      </isNotNull>
      <isNotNull prepend="and" property="flowId">
        FLOW_ID = #flowId:VARCHAR#
      </isNotNull>
      <isNotNull prepend="and" property="reportTitle">
        REPORT_TITLE = #reportTitle:VARCHAR#
      </isNotNull>
      <isNotNull prepend="and" property="content">
        CONTENT = #content:VARCHAR#
      </isNotNull>
      <isNotNull prepend="and" property="creator">
        CREATOR = #creator:VARCHAR#
      </isNotNull>
      <isNotNull prepend="and" property="createDate">
        CREATE_DATE = #createDate:VARCHAR#
      </isNotNull>
      <isNotNull prepend="and" property="createTime">
        CREATE_TIME = #createTime:VARCHAR#
      </isNotNull>
      <isNotNull prepend="and" property="createName">
        CREATE_NAME = #createName:VARCHAR#
      </isNotNull>
      <isNotNull prepend="and" property="orgid">
        ORGID = #orgid:DECIMAL#
      </isNotNull>
      <isNotNull prepend="and" property="reportMonth">
        REPORT_MONTH = #reportMonth:VARCHAR#
      </isNotNull>
    </dynamic>
  </select>


  

<update id="abatorgenerated_updateByExampleSelective">
    <!--通过查询实例，更新非null字段-->
    update T_WORK_MONTH_REPORTS
    <dynamic prepend="set">
      <isNotNull prepend="," property="record.reportId">
        REPORT_ID = #record.reportId:DECIMAL:-9999#
      </isNotNull>
      <isNotNull prepend="," property="record.flowId">
        FLOW_ID = #record.flowId:VARCHAR#
      </isNotNull>
      <isNotNull prepend="," property="record.reportTitle">
        REPORT_TITLE = #record.reportTitle:VARCHAR#
      </isNotNull>
      <isNotNull prepend="," property="record.content">
        CONTENT = #record.content:VARCHAR#
      </isNotNull>
      <isNotNull prepend="," property="record.creator">
        CREATOR = #record.creator:VARCHAR#
      </isNotNull>
      <isNotNull prepend="," property="record.createDate">
        CREATE_DATE = #record.createDate:VARCHAR#
      </isNotNull>
      <isNotNull prepend="," property="record.createTime">
        CREATE_TIME = #record.createTime:VARCHAR#
      </isNotNull>
      <isNotNull prepend="," property="record.createName">
        CREATE_NAME = #record.createName:VARCHAR#
      </isNotNull>
      <isNotNull prepend="," property="record.orgid">
        ORGID = #record.orgid:DECIMAL#
      </isNotNull>
      <isNotNull prepend="," property="record.reportMonth">
        REPORT_MONTH = #record.reportMonth:VARCHAR#
      </isNotNull>
    </dynamic>
    <isParameterPresent>
      <include refid="COMMON.abatorgenerated_Example_Where_Clause" />
    </isParameterPresent>
  </update>


  

<update id="abatorgenerated_updateByExample">
    <!--通过查询实例，更新全部字段-->
    update T_WORK_MONTH_REPORTS
    set REPORT_ID = #record.reportId:DECIMAL:-9999#,
      FLOW_ID = #record.flowId:VARCHAR#,
      REPORT_TITLE = #record.reportTitle:VARCHAR#,
      CONTENT = #record.content:VARCHAR#,
      CREATOR = #record.creator:VARCHAR#,
      CREATE_DATE = #record.createDate:VARCHAR#,
      CREATE_TIME = #record.createTime:VARCHAR#,
      CREATE_NAME = #record.createName:VARCHAR#,
      ORGID = #record.orgid:DECIMAL#,
      REPORT_MONTH = #record.reportMonth:VARCHAR#
    <isParameterPresent>
      <include refid="COMMON.abatorgenerated_Example_Where_Clause" />
    </isParameterPresent>
  </update>


  

<update id="abatorgenerated_updateEntityByTemplate">
    <!--根据Bean数据模板查询条件更新记录-->
    update T_WORK_MONTH_REPORTS
    <dynamic prepend="set">
      <isNotEmpty prepend="," property="record.reportId">
        REPORT_ID = #record.reportId:DECIMAL:-9999#
      </isNotEmpty>
      <isNotEmpty prepend="," property="record.flowId">
        FLOW_ID = #record.flowId:VARCHAR#
      </isNotEmpty>
      <isNotEmpty prepend="," property="record.reportTitle">
        REPORT_TITLE = #record.reportTitle:VARCHAR#
      </isNotEmpty>
      <isNotEmpty prepend="," property="record.content">
        CONTENT = #record.content:VARCHAR#
      </isNotEmpty>
      <isNotEmpty prepend="," property="record.creator">
        CREATOR = #record.creator:VARCHAR#
      </isNotEmpty>
      <isNotEmpty prepend="," property="record.createDate">
        CREATE_DATE = #record.createDate:VARCHAR#
      </isNotEmpty>
      <isNotEmpty prepend="," property="record.createTime">
        CREATE_TIME = #record.createTime:VARCHAR#
      </isNotEmpty>
      <isNotEmpty prepend="," property="record.createName">
        CREATE_NAME = #record.createName:VARCHAR#
      </isNotEmpty>
      <isNotEmpty prepend="," property="record.orgid">
        ORGID = #record.orgid:DECIMAL#
      </isNotEmpty>
      <isNotEmpty prepend="," property="record.reportMonth">
        REPORT_MONTH = #record.reportMonth:VARCHAR#
      </isNotEmpty>
    </dynamic>
    <dynamic prepend="where">
      <isNotEmpty prepend="and" property="template.reportId">
        REPORT_ID = #template.reportId:DECIMAL#
      </isNotEmpty>
      <isNotEmpty prepend="and" property="template.flowId">
        FLOW_ID = #template.flowId:VARCHAR#
      </isNotEmpty>
      <isNotEmpty prepend="and" property="template.reportTitle">
        REPORT_TITLE = #template.reportTitle:VARCHAR#
      </isNotEmpty>
      <isNotEmpty prepend="and" property="template.content">
        CONTENT = #template.content:VARCHAR#
      </isNotEmpty>
      <isNotEmpty prepend="and" property="template.creator">
        CREATOR = #template.creator:VARCHAR#
      </isNotEmpty>
      <isNotEmpty prepend="and" property="template.createDate">
        CREATE_DATE = #template.createDate:VARCHAR#
      </isNotEmpty>
      <isNotEmpty prepend="and" property="template.createTime">
        CREATE_TIME = #template.createTime:VARCHAR#
      </isNotEmpty>
      <isNotEmpty prepend="and" property="template.createName">
        CREATE_NAME = #template.createName:VARCHAR#
      </isNotEmpty>
      <isNotEmpty prepend="and" property="template.orgid">
        ORGID = #template.orgid:DECIMAL#
      </isNotEmpty>
      <isNotEmpty prepend="and" property="template.reportMonth">
        REPORT_MONTH = #template.reportMonth:VARCHAR#
      </isNotEmpty>
    </dynamic>
  </update>


  

<select id="abatorgenerated_selectByMapAndPage" parameterClass="java.util.HashMap" resultMap="abatorgenerated_TWorkMonthReports_HashMapResult">
    <!--通过Map方式的动态条件，查询分页数据-->
    select REPORT_ID, FLOW_ID, REPORT_TITLE, CONTENT, CREATOR, CREATE_DATE, CREATE_TIME,
      CREATE_NAME, ORGID, REPORT_MONTH
    from T_WORK_MONTH_REPORTS
    <dynamic prepend="where">
      <isNotNull prepend="and" property="reportId">
        REPORT_ID = #reportId:DECIMAL#
      </isNotNull>
      <isNotNull prepend="and" property="flowId">
        FLOW_ID = #flowId:VARCHAR#
      </isNotNull>
      <isNotNull prepend="and" property="reportTitle">
        REPORT_TITLE = #reportTitle:VARCHAR#
      </isNotNull>
      <isNotNull prepend="and" property="content">
        CONTENT = #content:VARCHAR#
      </isNotNull>
      <isNotNull prepend="and" property="creator">
        CREATOR = #creator:VARCHAR#
      </isNotNull>
      <isNotNull prepend="and" property="createDate">
        CREATE_DATE = #createDate:VARCHAR#
      </isNotNull>
      <isNotNull prepend="and" property="createTime">
        CREATE_TIME = #createTime:VARCHAR#
      </isNotNull>
      <isNotNull prepend="and" property="createName">
        CREATE_NAME = #createName:VARCHAR#
      </isNotNull>
      <isNotNull prepend="and" property="orgid">
        ORGID = #orgid:DECIMAL#
      </isNotNull>
      <isNotNull prepend="and" property="reportMonth">
        REPORT_MONTH = #reportMonth:VARCHAR#
      </isNotNull>
    </dynamic>
  </select>


  

<select id="abatorgenerated_selectByExampleAndPage" parameterClass="com.gotop.monthReport.model.TWorkMonthReportsExample" resultMap="abatorgenerated_TWorkMonthReportsResult">
    <!--通过Bean方式的动态条件，查询分页数据-->
    select REPORT_ID, FLOW_ID, REPORT_TITLE, CONTENT, CREATOR, CREATE_DATE, CREATE_TIME,
      CREATE_NAME, ORGID, REPORT_MONTH
    from T_WORK_MONTH_REPORTS
    <isParameterPresent>
      <include refid="COMMON.abatorgenerated_Example_Where_Clause" />
    </isParameterPresent>
  </select>
  <select id="getByReportId" resultClass="com.gotop.monthReport.model.TWorkMonthReports" parameterClass="Long">
    <!--通过主键查询一条数据-->
    select w.REPORT_ID as reportId, w.FLOW_ID as flowId, w.REPORT_TITLE as reportTitle, w.CONTENT as content, 
    w.CREATOR as creator,w.CREATE_DATE as createDate, w.CREATE_TIME as createTime,
      w.CREATE_NAME as createName, w.ORGID as orgid, o.orgname, w.REPORT_MONTH as reportMonth
    from T_WORK_MONTH_REPORTS w,om_organization o
    where w.REPORT_ID = #reportId:DECIMAL# and w.orgid = o.orgid
  </select>
  <select id="getByFlowId" resultClass="com.gotop.monthReport.model.TWorkMonthReports" parameterClass="String">
    <!--通过主键查询一条数据-->
    select w.REPORT_ID as reportId, w.FLOW_ID as flowId, w.REPORT_TITLE as reportTitle, w.CONTENT as content, 
    w.CREATOR as creator,w.CREATE_DATE as createDate, w.CREATE_TIME as createTime,
      w.CREATE_NAME as createName, w.ORGID as orgid, o.orgname, w.REPORT_MONTH as reportMonth
    from T_WORK_MONTH_REPORTS w,om_organization o
    where FLOW_ID = #flowId:DECIMAL# and w.orgid = o.orgid
  </select>
 <update id="updateById" parameterClass="com.gotop.monthReport.model.TWorkMonthReports">
  update T_WORK_MONTH_REPORTS
    <dynamic prepend="set">
      <isNotNull prepend="," property="flowId">
        FLOW_ID = #flowId:VARCHAR#
      </isNotNull>
      <isNotNull prepend="," property="reportTitle">
        REPORT_TITLE = #reportTitle:VARCHAR#
      </isNotNull>
      <isNotNull prepend="," property="content">
        CONTENT = #content:VARCHAR#
      </isNotNull>
      <isNotNull prepend="," property="creator">
        CREATOR = #creator:VARCHAR#
      </isNotNull>
      <isNotNull prepend="," property="createDate">
        CREATE_DATE = #createDate:VARCHAR#
      </isNotNull>
      <isNotNull prepend="," property="createTime">
        CREATE_TIME = #createTime:VARCHAR#
      </isNotNull>
      <isNotNull prepend="," property="createName">
        CREATE_NAME = #createName:VARCHAR#
      </isNotNull>
      <isNotNull prepend="," property="orgid">
        ORGID = #orgid:DECIMAL#
      </isNotNull>
      <isNotNull prepend="," property="reportMonth">
        REPORT_MONTH = #reportMonth:VARCHAR#
      </isNotNull>
    </dynamic>
    where REPORT_ID = #reportId#
  </update>
</sqlMap>