<?xml version="1.0" encoding="UTF-8" ?>
<!DOCTYPE abatorConfiguration PUBLIC "-//Apache Software Foundation//DTD Abator for iBATIS Configuration 1.0//EN" "http://ibatis.apache.org/dtd/abator-config_1_0.dtd" >
<abatorConfiguration >
  <abatorContext >
  	<!-- 数据库连接 -->
    <jdbcConnection driverClass="oracle.jdbc.OracleDriver" 
    	connectionURL="jdbc:oracle:thin:@10.214.40.233:1522:yh"
    	userId="tyjg" password="tyjg" >
      <!-- 数据库所用jar包,指定数据库jdbc驱动jar包的绝对路径。 -->
      <classPathEntry location="E:/javautils/myeclipse65_workspace/gotopcrm/WebRoot/WEB-INF/lib/classes12.jar" />
      <!-- 是否返回数据库注释(表、字段注释) -->
      <property name="remarksReporting" value="true"/>
    </jdbcConnection>
    <!-- 生成ibatis 表对应的实体，targetPackage 生成的包目录，一般情况下对应model目录；targetProject 项目名称 -->
    <!-- targetPackage com.gotop.为默认写法；sfwd 为项目名；table 为模块名；model为分类名-->
    <javaModelGenerator targetPackage="com.gotop.yzznzd.ytable.model" targetProject="yzznzd">
    </javaModelGenerator>
    <!-- 生成对应的Struts2的action，targetPackage 生成的包目录，一般情况下对应action目录；targetProject 项目名称 -->
    <actionGenerator targetPackage="com.gotop.yzznzd.ytable.action" targetProject="yzznzd">
    </actionGenerator>
    <!-- 生成对应的spring的service，targetPackage 生成的包目录，一般情况下对应service目录；targetProject 项目名称 -->
    <serviceGenerator targetPackage="com.gotop.yzznzd.ytable.service" targetProject="yzznzd">
    </serviceGenerator>
    <!-- 生成对应的jsp，targetPackage 生成的包目录，一般情况下对应jsp目录；targetProject 项目名称 -->
    <jspGenerator targetPackage="WebRoot.jsp.yzznzd.ytable" targetProject="yzznzd">
    </jspGenerator>
    <!-- 生成ibatis 表对应的配置文件，targetPackage 生成的包目录，一般情况下对应map目录；targetProject 项目名称 -->
    <sqlMapGenerator targetPackage="com.gotop.yzznzd.ytable.map" targetProject="yzznzd">
    </sqlMapGenerator>
    <!-- 生成ibatis 表对应的DAO，targetPackage 生成的包目录，一般情况下对应dao目录；targetProject 项目名称； type="SPRING" 为默认填写 -->
    <daoGenerator targetPackage="com.gotop.yzznzd.ytable.dao" targetProject="yzznzd" type="SPRING">
    </daoGenerator>
    <!-- 以上为全局配制，一个项目基本上一个配置，下面欲生成的table表，可以多个同时存在 -->
    <!-- 欲生成的表，schema为表空间 如果数据库里面有多个相同表名在不同的schema下，那么你得加上: schema -->
    <!-- tableName表名 module：项目名.模块名 menuPack：比模块更细的菜单名（可不写） alias：表别外（可不写）
    <table tableName="OM_GROUP" module="yzznzd.ytable">
    	<generatedKey column="GROUPID" sqlStatement="select seq_om_group.nextval from dual" identity="false" />
    </table>
    <table tableName="OM_GROUPMEMBER" module="yzznzd.ytable">
    </table>
    <table tableName="om_empgroup" module="yzznzd.ytable">
    </table>
    <table tableName="OM_GROUPRANGE" module="yzznzd.ytable">
    </table>-->
    <table schema="yzznzd"  tableName="ZNZD_T_KHXXB" module="yzznzd.ytable">
    	<generatedKey column="N_KHID" sqlStatement="select SEQ_ZNZD_T_KHXXB.nextval from dual" identity="false" />
    </table>
  </abatorContext>
</abatorConfiguration>