<?xml version="1.0" encoding="UTF-8" ?>
<!DOCTYPE abatorConfiguration PUBLIC "-//Apache Software Foundation//DTD Abator for iBATIS Configuration 1.0//EN" "http://ibatis.apache.org/dtd/abator-config_1_0.dtd" >
<abatorConfiguration >
  <abatorContext >
  <jdbcConnection driverClass="oracle.jdbc.OracleDriver" 
    	connectionURL="jdbc:oracle:thin:@10.214.40.80:1521:khyx"
    	userId="xmzhpt" password="xmzhpt" >
      <!-- 数据库所用jar包,指定数据库jdbc驱动jar包的绝对路径。 -->
<classPathEntry location="D:\XMpro\XMpro\gotopXmzh\WebRoot\WEB-INF\lib\ojdbc14.jar" />
      <!-- 是否返回数据库注释(表、字段注释) -->
      <property name="remarksReporting" value="true"/>
    </jdbcConnection>
 
    <javaModelGenerator targetPackage="com.gotop.dict.model" targetProject="xmzhProject">
    </javaModelGenerator>
    <actionGenerator targetPackage="com.gotop.dict.action" targetProject="xmzhProject">
    </actionGenerator>
    <serviceGenerator targetPackage="com.gotop.dict.service" targetProject="xmzhProject">
    </serviceGenerator>
    <sqlMapGenerator targetPackage="com.gotop.dict.map" targetProject="xmzhProject">
    </sqlMapGenerator>

    <daoGenerator targetPackage="com.gotop.dict.dao" targetProject="xmzhProject" type="SPRING">
    </daoGenerator>    
    <table  tableName="EOS_DICT_ENTRY" module="xmiimp.dict">
    </table>    
  </abatorContext>
</abatorConfiguration>