<?xml version="1.0" encoding="UTF-8" ?>
<!DOCTYPE sqlMap PUBLIC "-//ibatis.apache.org//DTD SQL Map 2.0//EN" "http://ibatis.apache.org/dtd/sql-map-2.dtd" >
<sqlMap namespace="T_COMMON_PROCESS_SqlMap" >
  <resultMap id="abatorgenerated_TCommonProcessResult" class="com.gotop.commonProcess.model.TCommonProcess" >
    <!--Bean方式返回全表-->
    <result column="REC_ID" property="recId" jdbcType="DECIMAL" />
    <result column="EMP_ID" property="empId" jdbcType="DECIMAL" />
    <result column="ORG_ID" property="orgId" jdbcType="DECIMAL" />
    <result column="FLOW_ID" property="flowId" jdbcType="VARCHAR" />
    <result column="PHONE_NO" property="phoneNo" jdbcType="VARCHAR" />
    <result column="COM_TITLE" property="comTitle" jdbcType="VARCHAR" />
    <result column="COM_CONTENT" property="comContent" jdbcType="VARCHAR" />
    <result column="CREATE_DATE" property="createDate" jdbcType="VARCHAR" />
    <result column="CREATE_TIME" property="createTime" jdbcType="VARCHAR" />
    <result column="APPLY_TIME" property="applyTime" jdbcType="VARCHAR" />
    <result column="BUSSINESS_TYPE" property="bussinessType" jdbcType="VARCHAR" />
    <result column="SPARE_COL" property="spareCol" jdbcType="VARCHAR" />
  </resultMap>
  <resultMap id="abatorgenerated_TCommonProcess_HashMapResult" class="java.util.HashMap" >
    <!--HashMap方式返回全表-->
    <result column="REC_ID" property="recId" jdbcType="DECIMAL" />
    <result column="EMP_ID" property="empId" jdbcType="DECIMAL" />
    <result column="ORG_ID" property="orgId" jdbcType="DECIMAL" />
    <result column="FLOW_ID" property="flowId" jdbcType="VARCHAR" />
    <result column="PHONE_NO" property="phoneNo" jdbcType="VARCHAR" />
    <result column="COM_TITLE" property="comTitle" jdbcType="VARCHAR" />
    <result column="COM_CONTENT" property="comContent" jdbcType="VARCHAR" />
    <result column="CREATE_DATE" property="createDate" jdbcType="VARCHAR" />
    <result column="CREATE_TIME" property="createTime" jdbcType="VARCHAR" />
    <result column="APPLY_TIME" property="applyTime" jdbcType="VARCHAR" />
    <result column="BUSSINESS_TYPE" property="bussinessType" jdbcType="VARCHAR" />
    <result column="SPARE_COL" property="spareCol" jdbcType="VARCHAR" />
  </resultMap>
  <select id="abatorgenerated_selectByPrimaryKey" resultMap="abatorgenerated_TCommonProcessResult" parameterClass="com.gotop.commonProcess.model.TCommonProcess" >
    <!--通过主键查询一条数据-->
    select REC_ID, EMP_ID, ORG_ID, FLOW_ID, PHONE_NO, COM_TITLE, COM_CONTENT, CREATE_DATE,
      CREATE_TIME, APPLY_TIME, BUSSINESS_TYPE, SPARE_COL
    from T_COMMON_PROCESS
    where REC_ID = #recId:DECIMAL#
  </select>
  <select id="abatorgenerated_selectByExample" resultMap="abatorgenerated_TCommonProcessResult" parameterClass="com.gotop.commonProcess.model.TCommonProcessExample" >
    <!--通过查询实体,查询满足条件的记录-->
    select REC_ID, EMP_ID, ORG_ID, FLOW_ID, PHONE_NO, COM_TITLE, COM_CONTENT, CREATE_DATE,
      CREATE_TIME, APPLY_TIME, BUSSINESS_TYPE, SPARE_COL
    from T_COMMON_PROCESS
    <isParameterPresent >
      <include refid="COMMON.abatorgenerated_Example_Where_Clause" />
      <isNotNull property="orderByClause" >
        order by $orderByClause$
      </isNotNull>
    </isParameterPresent>
  </select>
  <select id="abatorgenerated_expandEntityByTemplate" resultMap="abatorgenerated_TCommonProcessResult" parameterClass="com.gotop.commonProcess.model.TCommonProcess" >
    <!--根据Bean数据模板查询条件查询所有记录，可查询分页数据-->
    select REC_ID, EMP_ID, ORG_ID, FLOW_ID, PHONE_NO, COM_TITLE, COM_CONTENT, CREATE_DATE,
      CREATE_TIME, APPLY_TIME, BUSSINESS_TYPE, SPARE_COL
    from T_COMMON_PROCESS where <![CDATA[ rownum<2 ]]>
    <dynamic >
      <isNotNull prepend="and" property="recId" >
        REC_ID = #recId:DECIMAL#
      </isNotNull>
      <isNotNull prepend="and" property="empId" >
        EMP_ID = #empId:DECIMAL#
      </isNotNull>
      <isNotNull prepend="and" property="orgId" >
        ORG_ID = #orgId:DECIMAL#
      </isNotNull>
      <isNotNull prepend="and" property="flowId" >
        FLOW_ID = #flowId:VARCHAR#
      </isNotNull>
      <isNotNull prepend="and" property="phoneNo" >
        PHONE_NO = #phoneNo:VARCHAR#
      </isNotNull>
      <isNotNull prepend="and" property="comTitle" >
        COM_TITLE = #comTitle:VARCHAR#
      </isNotNull>
      <isNotNull prepend="and" property="comContent" >
        COM_CONTENT = #comContent:VARCHAR#
      </isNotNull>
      <isNotNull prepend="and" property="createDate" >
        CREATE_DATE = #createDate:VARCHAR#
      </isNotNull>
      <isNotNull prepend="and" property="createTime" >
        CREATE_TIME = #createTime:VARCHAR#
      </isNotNull>
      <isNotNull prepend="and" property="applyTime" >
        APPLY_TIME = #applyTime:VARCHAR#
      </isNotNull>
      <isNotNull prepend="and" property="bussinessType" >
        BUSSINESS_TYPE = #bussinessType:VARCHAR#
      </isNotNull>
      <isNotNull prepend="and" property="spareCol" >
        SPARE_COL = #spareCol:VARCHAR#
      </isNotNull>
    </dynamic>
  </select>
  <select id="abatorgenerated_queryEntitiesByTemplate" resultMap="abatorgenerated_TCommonProcessResult" parameterClass="com.gotop.commonProcess.model.TCommonProcess" >
    <!--根据Bean数据模板查询条件查询所有记录，可查询分页数据-->
    select REC_ID, EMP_ID, ORG_ID, FLOW_ID, PHONE_NO, COM_TITLE, COM_CONTENT, CREATE_DATE,
      CREATE_TIME, APPLY_TIME, BUSSINESS_TYPE, SPARE_COL
    from T_COMMON_PROCESS
    <dynamic prepend="where" >
      <isNotNull prepend="and" property="recId" >
        REC_ID = #recId:DECIMAL#
      </isNotNull>
      <isNotNull prepend="and" property="empId" >
        EMP_ID = #empId:DECIMAL#
      </isNotNull>
      <isNotNull prepend="and" property="orgId" >
        ORG_ID = #orgId:DECIMAL#
      </isNotNull>
      <isNotNull prepend="and" property="flowId" >
        FLOW_ID = #flowId:VARCHAR#
      </isNotNull>
      <isNotNull prepend="and" property="phoneNo" >
        PHONE_NO = #phoneNo:VARCHAR#
      </isNotNull>
      <isNotNull prepend="and" property="comTitle" >
        COM_TITLE = #comTitle:VARCHAR#
      </isNotNull>
      <isNotNull prepend="and" property="comContent" >
        COM_CONTENT = #comContent:VARCHAR#
      </isNotNull>
      <isNotNull prepend="and" property="createDate" >
        CREATE_DATE = #createDate:VARCHAR#
      </isNotNull>
      <isNotNull prepend="and" property="createTime" >
        CREATE_TIME = #createTime:VARCHAR#
      </isNotNull>
      <isNotNull prepend="and" property="applyTime" >
        APPLY_TIME = #applyTime:VARCHAR#
      </isNotNull>
      <isNotNull prepend="and" property="bussinessType" >
        BUSSINESS_TYPE = #bussinessType:VARCHAR#
      </isNotNull>
      <isNotNull prepend="and" property="spareCol" >
        SPARE_COL = #spareCol:VARCHAR#
      </isNotNull>
    </dynamic>
  </select>
  <delete id="abatorgenerated_deleteByPrimaryKey" parameterClass="com.gotop.commonProcess.model.TCommonProcess" >
    <!--
      WARNING - This element is automatically generated by Abator for iBATIS, do not modify.
      This element was generated on .
    -->
    <!--通过主键删除一条记录-->
    delete from T_COMMON_PROCESS
    where REC_ID = #recId:DECIMAL#
  </delete>
  <delete id="abatorgenerated_deleteByExample" parameterClass="com.gotop.commonProcess.model.TCommonProcessExample" >
    <!--通过查询实例，删除满足条件的数据-->
    delete from T_COMMON_PROCESS
    <include refid="COMMON.abatorgenerated_Example_Where_Clause" />
  </delete>
  <delete id="abatorgenerated_deleteByTemplate" parameterClass="com.gotop.commonProcess.model.TCommonProcess" >
    <!--根据Bean数据模板查询条件删除记录-->
    delete from T_COMMON_PROCESS
    <dynamic prepend="where" >
      <isNotEmpty prepend="and" property="recId" >
        REC_ID = #recId:DECIMAL#
      </isNotEmpty>
      <isNotEmpty prepend="and" property="empId" >
        EMP_ID = #empId:DECIMAL#
      </isNotEmpty>
      <isNotEmpty prepend="and" property="orgId" >
        ORG_ID = #orgId:DECIMAL#
      </isNotEmpty>
      <isNotEmpty prepend="and" property="flowId" >
        FLOW_ID = #flowId:VARCHAR#
      </isNotEmpty>
      <isNotEmpty prepend="and" property="phoneNo" >
        PHONE_NO = #phoneNo:VARCHAR#
      </isNotEmpty>
      <isNotEmpty prepend="and" property="comTitle" >
        COM_TITLE = #comTitle:VARCHAR#
      </isNotEmpty>
      <isNotEmpty prepend="and" property="comContent" >
        COM_CONTENT = #comContent:VARCHAR#
      </isNotEmpty>
      <isNotEmpty prepend="and" property="createDate" >
        CREATE_DATE = #createDate:VARCHAR#
      </isNotEmpty>
      <isNotEmpty prepend="and" property="createTime" >
        CREATE_TIME = #createTime:VARCHAR#
      </isNotEmpty>
      <isNotEmpty prepend="and" property="applyTime" >
        APPLY_TIME = #applyTime:VARCHAR#
      </isNotEmpty>
      <isNotEmpty prepend="and" property="bussinessType" >
        BUSSINESS_TYPE = #bussinessType:VARCHAR#
      </isNotEmpty>
      <isNotEmpty prepend="and" property="spareCol" >
        SPARE_COL = #spareCol:VARCHAR#
      </isNotEmpty>
    </dynamic>
  </delete>
  <insert id="abatorgenerated_insert" parameterClass="com.gotop.commonProcess.model.TCommonProcess" >
    <!--通过主键更新整条数据-->
    <selectKey keyProperty="recId" resultClass="Long">
    	 select T_COMMON_PROCESS_SEQ.Nextval from dual
    </selectKey>
    insert into T_COMMON_PROCESS (REC_ID, EMP_ID, ORG_ID, FLOW_ID, PHONE_NO, COM_TITLE, COM_CONTENT,
      CREATE_DATE, CREATE_TIME, APPLY_TIME, BUSSINESS_TYPE, SPARE_COL, MAINTITLE)
    values (#recId:DECIMAL:-9999#, #empId:DECIMAL:-9999#, #orgId:DECIMAL:-9999#, #flowId:VARCHAR#,
      #phoneNo:VARCHAR#, #comTitle:VARCHAR#, #comContent:VARCHAR#, #createDate:VARCHAR#,
      #createTime:VARCHAR#, #applyTime:VARCHAR#, #bussinessType:VARCHAR#, #spareCol:VARCHAR#, #mainTitle:VARCHAR#)
  </insert>
  <update id="abatorgenerated_updateByPrimaryKey" parameterClass="com.gotop.commonProcess.model.TCommonProcess" >
    <!--通过主键更新一条全部字段内容-->
    update T_COMMON_PROCESS
    set EMP_ID = #empId:DECIMAL:-9999#,
      ORG_ID = #orgId:DECIMAL:-9999#,
      FLOW_ID = #flowId:VARCHAR#,
      PHONE_NO = #phoneNo:VARCHAR#,
      COM_TITLE = #comTitle:VARCHAR#,
      COM_CONTENT = #comContent:VARCHAR#,
      CREATE_DATE = #createDate:VARCHAR#,
      CREATE_TIME = #createTime:VARCHAR#,
      APPLY_TIME = #applyTime:VARCHAR#,
      BUSSINESS_TYPE = #bussinessType:VARCHAR#,
      SPARE_COL = #spareCol:VARCHAR#
    where REC_ID = #recId:DECIMAL#
  </update>
  <update id="abatorgenerated_updateByPrimaryKeySelective" parameterClass="com.gotop.commonProcess.model.TCommonProcess" >
    <!--通过主键更新部分字段，部分字段说明：当字段为null时不更新，当字段值为''空值是更新为空值-->
    update T_COMMON_PROCESS
    <dynamic prepend="set" >
      <isNotNull prepend="," property="empId" >
        EMP_ID = #empId:DECIMAL:-9999#
      </isNotNull>
      <isNotNull prepend="," property="orgId" >
        ORG_ID = #orgId:DECIMAL:-9999#
      </isNotNull>
      <isNotNull prepend="," property="flowId" >
        FLOW_ID = #flowId:VARCHAR#
      </isNotNull>
      <isNotNull prepend="," property="phoneNo" >
        PHONE_NO = #phoneNo:VARCHAR#
      </isNotNull>
      <isNotNull prepend="," property="comTitle" >
        COM_TITLE = #comTitle:VARCHAR#
      </isNotNull>
      <isNotNull prepend="," property="comContent" >
        COM_CONTENT = #comContent:VARCHAR#
      </isNotNull>
      <isNotNull prepend="," property="createDate" >
        CREATE_DATE = #createDate:VARCHAR#
      </isNotNull>
      <isNotNull prepend="," property="createTime" >
        CREATE_TIME = #createTime:VARCHAR#
      </isNotNull>
      <isNotNull prepend="," property="applyTime" >
        APPLY_TIME = #applyTime:VARCHAR#
      </isNotNull>
      <isNotNull prepend="," property="bussinessType" >
        BUSSINESS_TYPE = #bussinessType:VARCHAR#
      </isNotNull>
      <isNotNull prepend="," property="spareCol" >
        SPARE_COL = #spareCol:VARCHAR#
      </isNotNull>
    </dynamic>
    where REC_ID = #recId:DECIMAL#
  </update>
  <select id="abatorgenerated_countByExample" parameterClass="com.gotop.commonProcess.model.TCommonProcessExample" resultClass="java.lang.Integer" >
    <!--通过查询实例，统计总数-->
    select count(*) from T_COMMON_PROCESS
    <include refid="COMMON.abatorgenerated_Example_Where_Clause" />
  </select>
  <select id="abatorgenerated_countByTemplate" parameterClass="com.gotop.commonProcess.model.TCommonProcess" resultClass="java.lang.Integer" >
    <!--通过查询Bean数据模板，统计总数-->
    select count(*) from T_COMMON_PROCESS
    <dynamic prepend="where" >
      <isNotNull prepend="and" property="recId" >
        REC_ID = #recId:DECIMAL#
      </isNotNull>
      <isNotNull prepend="and" property="empId" >
        EMP_ID = #empId:DECIMAL#
      </isNotNull>
      <isNotNull prepend="and" property="orgId" >
        ORG_ID = #orgId:DECIMAL#
      </isNotNull>
      <isNotNull prepend="and" property="flowId" >
        FLOW_ID = #flowId:VARCHAR#
      </isNotNull>
      <isNotNull prepend="and" property="phoneNo" >
        PHONE_NO = #phoneNo:VARCHAR#
      </isNotNull>
      <isNotNull prepend="and" property="comTitle" >
        COM_TITLE = #comTitle:VARCHAR#
      </isNotNull>
      <isNotNull prepend="and" property="comContent" >
        COM_CONTENT = #comContent:VARCHAR#
      </isNotNull>
      <isNotNull prepend="and" property="createDate" >
        CREATE_DATE = #createDate:VARCHAR#
      </isNotNull>
      <isNotNull prepend="and" property="createTime" >
        CREATE_TIME = #createTime:VARCHAR#
      </isNotNull>
      <isNotNull prepend="and" property="applyTime" >
        APPLY_TIME = #applyTime:VARCHAR#
      </isNotNull>
      <isNotNull prepend="and" property="bussinessType" >
        BUSSINESS_TYPE = #bussinessType:VARCHAR#
      </isNotNull>
      <isNotNull prepend="and" property="spareCol" >
        SPARE_COL = #spareCol:VARCHAR#
      </isNotNull>
    </dynamic>
  </select>
  <update id="abatorgenerated_updateByExampleSelective" >
    <!--通过查询实例，更新非null字段-->
    update T_COMMON_PROCESS
    <dynamic prepend="set" >
      <isNotNull prepend="," property="record.recId" >
        REC_ID = #record.recId:DECIMAL:-9999#
      </isNotNull>
      <isNotNull prepend="," property="record.empId" >
        EMP_ID = #record.empId:DECIMAL:-9999#
      </isNotNull>
      <isNotNull prepend="," property="record.orgId" >
        ORG_ID = #record.orgId:DECIMAL:-9999#
      </isNotNull>
      <isNotNull prepend="," property="record.flowId" >
        FLOW_ID = #record.flowId:VARCHAR#
      </isNotNull>
      <isNotNull prepend="," property="record.phoneNo" >
        PHONE_NO = #record.phoneNo:VARCHAR#
      </isNotNull>
      <isNotNull prepend="," property="record.comTitle" >
        COM_TITLE = #record.comTitle:VARCHAR#
      </isNotNull>
      <isNotNull prepend="," property="record.comContent" >
        COM_CONTENT = #record.comContent:VARCHAR#
      </isNotNull>
      <isNotNull prepend="," property="record.createDate" >
        CREATE_DATE = #record.createDate:VARCHAR#
      </isNotNull>
      <isNotNull prepend="," property="record.createTime" >
        CREATE_TIME = #record.createTime:VARCHAR#
      </isNotNull>
      <isNotNull prepend="," property="record.applyTime" >
        APPLY_TIME = #record.applyTime:VARCHAR#
      </isNotNull>
      <isNotNull prepend="," property="record.bussinessType" >
        BUSSINESS_TYPE = #record.bussinessType:VARCHAR#
      </isNotNull>
      <isNotNull prepend="," property="record.spareCol" >
        SPARE_COL = #record.spareCol:VARCHAR#
      </isNotNull>
    </dynamic>
    <isParameterPresent >
      <include refid="COMMON.abatorgenerated_Example_Where_Clause" />
    </isParameterPresent>
  </update>
  <update id="abatorgenerated_updateByExample" >
    <!--通过查询实例，更新全部字段-->
    update T_COMMON_PROCESS
    set REC_ID = #record.recId:DECIMAL:-9999#,
      EMP_ID = #record.empId:DECIMAL:-9999#,
      ORG_ID = #record.orgId:DECIMAL:-9999#,
      FLOW_ID = #record.flowId:VARCHAR#,
      PHONE_NO = #record.phoneNo:VARCHAR#,
      COM_TITLE = #record.comTitle:VARCHAR#,
      COM_CONTENT = #record.comContent:VARCHAR#,
      CREATE_DATE = #record.createDate:VARCHAR#,
      CREATE_TIME = #record.createTime:VARCHAR#,
      APPLY_TIME = #record.applyTime:VARCHAR#,
      BUSSINESS_TYPE = #record.bussinessType:VARCHAR#,
      SPARE_COL = #record.spareCol:VARCHAR#
    <isParameterPresent >
      <include refid="COMMON.abatorgenerated_Example_Where_Clause" />
    </isParameterPresent>
  </update>
  <update id="abatorgenerated_updateEntityByTemplate" >
    <!--根据Bean数据模板查询条件更新记录-->
    update T_COMMON_PROCESS
    <dynamic prepend="set" >
      <isNotEmpty prepend="," property="record.recId" >
        REC_ID = #record.recId:DECIMAL:-9999#
      </isNotEmpty>
      <isNotEmpty prepend="," property="record.empId" >
        EMP_ID = #record.empId:DECIMAL:-9999#
      </isNotEmpty>
      <isNotEmpty prepend="," property="record.orgId" >
        ORG_ID = #record.orgId:DECIMAL:-9999#
      </isNotEmpty>
      <isNotEmpty prepend="," property="record.flowId" >
        FLOW_ID = #record.flowId:VARCHAR#
      </isNotEmpty>
      <isNotEmpty prepend="," property="record.phoneNo" >
        PHONE_NO = #record.phoneNo:VARCHAR#
      </isNotEmpty>
      <isNotEmpty prepend="," property="record.comTitle" >
        COM_TITLE = #record.comTitle:VARCHAR#
      </isNotEmpty>
      <isNotEmpty prepend="," property="record.comContent" >
        COM_CONTENT = #record.comContent:VARCHAR#
      </isNotEmpty>
      <isNotEmpty prepend="," property="record.createDate" >
        CREATE_DATE = #record.createDate:VARCHAR#
      </isNotEmpty>
      <isNotEmpty prepend="," property="record.createTime" >
        CREATE_TIME = #record.createTime:VARCHAR#
      </isNotEmpty>
      <isNotEmpty prepend="," property="record.applyTime" >
        APPLY_TIME = #record.applyTime:VARCHAR#
      </isNotEmpty>
      <isNotEmpty prepend="," property="record.bussinessType" >
        BUSSINESS_TYPE = #record.bussinessType:VARCHAR#
      </isNotEmpty>
      <isNotEmpty prepend="," property="record.spareCol" >
        SPARE_COL = #record.spareCol:VARCHAR#
      </isNotEmpty>
    </dynamic>
    <dynamic prepend="where" >
      <isNotEmpty prepend="and" property="template.recId" >
        REC_ID = #template.recId:DECIMAL#
      </isNotEmpty>
      <isNotEmpty prepend="and" property="template.empId" >
        EMP_ID = #template.empId:DECIMAL#
      </isNotEmpty>
      <isNotEmpty prepend="and" property="template.orgId" >
        ORG_ID = #template.orgId:DECIMAL#
      </isNotEmpty>
      <isNotEmpty prepend="and" property="template.flowId" >
        FLOW_ID = #template.flowId:VARCHAR#
      </isNotEmpty>
      <isNotEmpty prepend="and" property="template.phoneNo" >
        PHONE_NO = #template.phoneNo:VARCHAR#
      </isNotEmpty>
      <isNotEmpty prepend="and" property="template.comTitle" >
        COM_TITLE = #template.comTitle:VARCHAR#
      </isNotEmpty>
      <isNotEmpty prepend="and" property="template.comContent" >
        COM_CONTENT = #template.comContent:VARCHAR#
      </isNotEmpty>
      <isNotEmpty prepend="and" property="template.createDate" >
        CREATE_DATE = #template.createDate:VARCHAR#
      </isNotEmpty>
      <isNotEmpty prepend="and" property="template.createTime" >
        CREATE_TIME = #template.createTime:VARCHAR#
      </isNotEmpty>
      <isNotEmpty prepend="and" property="template.applyTime" >
        APPLY_TIME = #template.applyTime:VARCHAR#
      </isNotEmpty>
      <isNotEmpty prepend="and" property="template.bussinessType" >
        BUSSINESS_TYPE = #template.bussinessType:VARCHAR#
      </isNotEmpty>
      <isNotEmpty prepend="and" property="template.spareCol" >
        SPARE_COL = #template.spareCol:VARCHAR#
      </isNotEmpty>
    </dynamic>
  </update>
  <select id="abatorgenerated_selectByMapAndPage" resultMap="abatorgenerated_TCommonProcess_HashMapResult" parameterClass="java.util.HashMap" >
    <!--通过Map方式的动态条件，查询分页数据-->
    select REC_ID, EMP_ID, ORG_ID, FLOW_ID, PHONE_NO, COM_TITLE, COM_CONTENT, CREATE_DATE,
      CREATE_TIME, APPLY_TIME, BUSSINESS_TYPE, SPARE_COL
    from T_COMMON_PROCESS
    <dynamic prepend="where" >
      <isNotNull prepend="and" property="recId" >
        REC_ID = #recId:DECIMAL#
      </isNotNull>
      <isNotNull prepend="and" property="empId" >
        EMP_ID = #empId:DECIMAL#
      </isNotNull>
      <isNotNull prepend="and" property="orgId" >
        ORG_ID = #orgId:DECIMAL#
      </isNotNull>
      <isNotNull prepend="and" property="flowId" >
        FLOW_ID = #flowId:VARCHAR#
      </isNotNull>
      <isNotNull prepend="and" property="phoneNo" >
        PHONE_NO = #phoneNo:VARCHAR#
      </isNotNull>
      <isNotNull prepend="and" property="comTitle" >
        COM_TITLE = #comTitle:VARCHAR#
      </isNotNull>
      <isNotNull prepend="and" property="comContent" >
        COM_CONTENT = #comContent:VARCHAR#
      </isNotNull>
      <isNotNull prepend="and" property="createDate" >
        CREATE_DATE = #createDate:VARCHAR#
      </isNotNull>
      <isNotNull prepend="and" property="createTime" >
        CREATE_TIME = #createTime:VARCHAR#
      </isNotNull>
      <isNotNull prepend="and" property="applyTime" >
        APPLY_TIME = #applyTime:VARCHAR#
      </isNotNull>
      <isNotNull prepend="and" property="bussinessType" >
        BUSSINESS_TYPE = #bussinessType:VARCHAR#
      </isNotNull>
      <isNotNull prepend="and" property="spareCol" >
        SPARE_COL = #spareCol:VARCHAR#
      </isNotNull>
    </dynamic>
  </select>
  <select id="abatorgenerated_selectByExampleAndPage" resultMap="abatorgenerated_TCommonProcessResult" parameterClass="com.gotop.commonProcess.model.TCommonProcessExample" >
    <!--通过Bean方式的动态条件，查询分页数据-->
    select REC_ID, EMP_ID, ORG_ID, FLOW_ID, PHONE_NO, COM_TITLE, COM_CONTENT, CREATE_DATE,
      CREATE_TIME, APPLY_TIME, BUSSINESS_TYPE, SPARE_COL
    from T_COMMON_PROCESS
    <isParameterPresent >
      <include refid="COMMON.abatorgenerated_Example_Where_Clause" />
    </isParameterPresent>
  </select>
  
  <select id="query_commonProcess_info" resultClass="com.gotop.commonProcess.model.TCommonProcess" parameterClass="com.gotop.commonProcess.model.TCommonProcess">
  	select a.rec_id         as RecId,
       a.emp_id         as empId,
       a.mainTitle,
       b.empname,
       a.org_id         as orgId,
       c.orgname,
       a.flow_id        as flowId,
       a.phone_no       as phoneNo,
       a.com_title      as comTitle,
       a.com_content    as comContent,
       a.create_date    as createDate,
       a.create_time    as createTime,
       a.apply_time     as applyTime,
       a.bussiness_type as bussinessType,
       a.spare_col      as spareCol
  from t_common_process a, om_employee b, om_organization c
  where a.EMP_ID=b.EMPID
    and a.ORG_ID = c.ORGID
    and (a.REC_ID = #recId:DECIMAL# or a.FLOW_ID=#flowId:VARCHAR#)
  </select>
  
  <select id="queryTaskAssignPerson" resultClass="com.gotop.commonProcess.model.TCommonProcess" parameterClass="java.util.HashMap">
  	select a.empid,b.empname from om_empposition a,om_employee b ,om_emporg c where   a.empid = b.empid and a.empid=c.empid and c.ismain='y' and a.positionid!=#positionCode#  and c.orgid=#orgid#  and c.empid!=#empid#
  </select>
</sqlMap>