<?xml version="1.0" encoding="UTF-8" ?>
<!DOCTYPE sqlMap PUBLIC "-//ibatis.apache.org//DTD SQL Map 2.0//EN" "http://ibatis.apache.org/dtd/sql-map-2.dtd" >
<sqlMap namespace="T_SUPERVICE_RECEIVE_SqlMap" >
  <typeAlias alias="record" type="com.gotop.superviseReceive.model.TSuperviceReceive"/>
  <select id="abatorgenerated_selectByPrimaryKey" resultClass="record" parameterClass="com.gotop.superviseReceive.model.TSuperviceReceive" >
    <!--通过主键查询一条数据-->
    select REC_ID, SUPERVISE_ID, RECEIVE_EMP, CONTENT, STATUS, RECEIVE_DATE, RECEIVE_TIME, NODE_ID,
      NODE_NAME
    from T_SUPERVICE_RECEIVE
    where REC_ID = #recId:DECIMAL#
  </select>
  <select id="abatorgenerated_selectByExample" resultClass="record" parameterClass="com.gotop.superviseReceive.model.TSuperviceReceiveExample" >
    <!--通过查询实体,查询满足条件的记录-->
    select REC_ID, SUPERVISE_ID, RECEIVE_EMP, CONTENT, STATUS, RECEIVE_DATE, RECEIVE_TIME, NODE_ID,
      NODE_NAME
    from T_SUPERVICE_RECEIVE
    <isParameterPresent >
      <include refid="COMMON.abatorgenerated_Example_Where_Clause" />
      <isNotNull property="orderByClause" >
        order by $orderByClause$
      </isNotNull>
    </isParameterPresent>
  </select>
  <select id="abatorgenerated_expandEntityByTemplate" resultClass="record" parameterClass="com.gotop.superviseReceive.model.TSuperviceReceive" >
    <!--根据Bean数据模板查询条件查询所有记录，可查询分页数据-->
    select REC_ID, SUPERVISE_ID, RECEIVE_EMP, CONTENT, STATUS, RECEIVE_DATE, RECEIVE_TIME, NODE_ID,
      NODE_NAME
    from T_SUPERVICE_RECEIVE where <![CDATA[ rownum<2 ]]>
    <dynamic >
      <isNotNull prepend="and" property="recId" >
        REC_ID = #recId:DECIMAL#
      </isNotNull>
      <isNotNull prepend="and" property="superviseId" >
        SUPERVISE_ID = #superviseId:DECIMAL#
      </isNotNull>
      <isNotNull prepend="and" property="receiveEmp" >
        RECEIVE_EMP = #receiveEmp:VARCHAR#
      </isNotNull>
      <isNotNull prepend="and" property="content" >
        CONTENT = #content:VARCHAR#
      </isNotNull>
      <isNotNull prepend="and" property="status" >
        STATUS = #status:VARCHAR#
      </isNotNull>
      <isNotNull prepend="and" property="receiveDate" >
        RECEIVE_DATE = #receiveDate:VARCHAR#
      </isNotNull>
      <isNotNull prepend="and" property="receiveTime" >
        RECEIVE_TIME = #receiveTime:VARCHAR#
      </isNotNull>
      <isNotNull prepend="and" property="nodeId" >
        NODE_ID = #nodeId:VARCHAR#
      </isNotNull>
      <isNotNull prepend="and" property="nodeName" >
        NODE_NAME = #nodeName:VARCHAR#
      </isNotNull>
    </dynamic>
  </select>
  <select id="abatorgenerated_queryEntitiesByTemplate" resultClass="record" parameterClass="com.gotop.superviseReceive.model.TSuperviceReceive" >
    <!--根据Bean数据模板查询条件查询所有记录，可查询分页数据-->
    select REC_ID, SUPERVISE_ID, RECEIVE_EMP, CONTENT, STATUS, RECEIVE_DATE, RECEIVE_TIME, NODE_ID,
      NODE_NAME
    from T_SUPERVICE_RECEIVE
    <dynamic prepend="where" >
      <isNotNull prepend="and" property="recId" >
        REC_ID = #recId:DECIMAL#
      </isNotNull>
      <isNotNull prepend="and" property="superviseId" >
        SUPERVISE_ID = #superviseId:DECIMAL#
      </isNotNull>
      <isNotNull prepend="and" property="receiveEmp" >
        RECEIVE_EMP = #receiveEmp:VARCHAR#
      </isNotNull>
      <isNotNull prepend="and" property="content" >
        CONTENT = #content:VARCHAR#
      </isNotNull>
      <isNotNull prepend="and" property="status" >
        STATUS = #status:VARCHAR#
      </isNotNull>
      <isNotNull prepend="and" property="receiveDate" >
        RECEIVE_DATE = #receiveDate:VARCHAR#
      </isNotNull>
      <isNotNull prepend="and" property="receiveTime" >
        RECEIVE_TIME = #receiveTime:VARCHAR#
      </isNotNull>
      <isNotNull prepend="and" property="nodeId" >
        NODE_ID = #nodeId:VARCHAR#
      </isNotNull>
      <isNotNull prepend="and" property="nodeName" >
        NODE_NAME = #nodeName:VARCHAR#
      </isNotNull>
    </dynamic>
  </select>
  <delete id="abatorgenerated_deleteByPrimaryKey" parameterClass="com.gotop.superviseReceive.model.TSuperviceReceive" >
    <!--
      WARNING - This element is automatically generated by Abator for iBATIS, do not modify.
      This element was generated on .
    -->
    <!--通过主键删除一条记录-->
    delete from T_SUPERVICE_RECEIVE
    where REC_ID = #recId:DECIMAL#
  </delete>
  <delete id="abatorgenerated_deleteByExample" parameterClass="com.gotop.superviseReceive.model.TSuperviceReceiveExample" >
    <!--通过查询实例，删除满足条件的数据-->
    delete from T_SUPERVICE_RECEIVE
    <include refid="COMMON.abatorgenerated_Example_Where_Clause" />
  </delete>
  <delete id="abatorgenerated_deleteByTemplate" parameterClass="com.gotop.superviseReceive.model.TSuperviceReceive" >
    <!--根据Bean数据模板查询条件删除记录-->
    delete from T_SUPERVICE_RECEIVE
    <dynamic prepend="where" >
      <isNotEmpty prepend="and" property="recId" >
        REC_ID = #recId:DECIMAL#
      </isNotEmpty>
      <isNotEmpty prepend="and" property="superviseId" >
        SUPERVISE_ID = #superviseId:DECIMAL#
      </isNotEmpty>
      <isNotEmpty prepend="and" property="receiveEmp" >
        RECEIVE_EMP = #receiveEmp:VARCHAR#
      </isNotEmpty>
      <isNotEmpty prepend="and" property="content" >
        CONTENT = #content:VARCHAR#
      </isNotEmpty>
      <isNotEmpty prepend="and" property="status" >
        STATUS = #status:VARCHAR#
      </isNotEmpty>
      <isNotEmpty prepend="and" property="receiveDate" >
        RECEIVE_DATE = #receiveDate:VARCHAR#
      </isNotEmpty>
      <isNotEmpty prepend="and" property="receiveTime" >
        RECEIVE_TIME = #receiveTime:VARCHAR#
      </isNotEmpty>
      <isNotEmpty prepend="and" property="nodeId" >
        NODE_ID = #nodeId:VARCHAR#
      </isNotEmpty>
      <isNotEmpty prepend="and" property="nodeName" >
        NODE_NAME = #nodeName:VARCHAR#
      </isNotEmpty>
    </dynamic>
  </delete>
  <insert id="abatorgenerated_insert" parameterClass="com.gotop.superviseReceive.model.TSuperviceReceive" >
    <!--通过主键更新整条数据-->
     <selectKey resultClass="java.lang.Long" keyProperty="recId" >
      select T_SUPERVICE_RECEIVE_SEQ.nextval from dual
    </selectKey>
    insert into T_SUPERVICE_RECEIVE (REC_ID, SUPERVISE_ID, RECEIVE_EMP, CONTENT, STATUS,
      RECEIVE_DATE, RECEIVE_TIME, NODE_ID, NODE_NAME)
    values (#recId:DECIMAL:-9999#, #superviseId:DECIMAL:-9999#, #receiveEmp:VARCHAR#,
      #content:VARCHAR#, '0', #receiveDate:varchar#, #receiveTime:varchar#,
      #nodeId:VARCHAR#, #nodeName:VARCHAR#)
  </insert>
  <update id="abatorgenerated_updateByPrimaryKey" parameterClass="com.gotop.superviseReceive.model.TSuperviceReceive" >
    <!--通过主键更新一条全部字段内容-->
    update T_SUPERVICE_RECEIVE
    set SUPERVISE_ID = #superviseId:DECIMAL:-9999#,
      RECEIVE_EMP = #receiveEmp:VARCHAR#,
      CONTENT = #content:VARCHAR#,
      STATUS = #status:VARCHAR#,
      RECEIVE_DATE = #receiveDate:VARCHAR#,
      RECEIVE_TIME = #receiveTime:VARCHAR#,
      NODE_ID = #nodeId:VARCHAR#,
      NODE_NAME = #nodeName:VARCHAR#
    where REC_ID = #recId:DECIMAL#
  </update>
  <update id="abatorgenerated_updateByPrimaryKeySelective" parameterClass="com.gotop.superviseReceive.model.TSuperviceReceive" >
    <!--通过主键更新部分字段，部分字段说明：当字段为null时不更新，当字段值为''空值是更新为空值-->
    update T_SUPERVICE_RECEIVE
    <dynamic prepend="set" >
      <isNotNull prepend="," property="superviseId" >
        SUPERVISE_ID = #superviseId:DECIMAL:-9999#
      </isNotNull>
      <isNotNull prepend="," property="receiveEmp" >
        RECEIVE_EMP = #receiveEmp:VARCHAR#
      </isNotNull>
      <isNotNull prepend="," property="content" >
        CONTENT = #content:VARCHAR#
      </isNotNull>
      <isNotNull prepend="," property="status" >
        STATUS = #status:VARCHAR#
      </isNotNull>
      <isNotNull prepend="," property="receiveDate" >
        RECEIVE_DATE = #receiveDate:VARCHAR#
      </isNotNull>
      <isNotNull prepend="," property="receiveTime" >
        RECEIVE_TIME = #receiveTime:VARCHAR#
      </isNotNull>
      <isNotNull prepend="," property="nodeId" >
        NODE_ID = #nodeId:VARCHAR#
      </isNotNull>
      <isNotNull prepend="," property="nodeName" >
        NODE_NAME = #nodeName:VARCHAR#
      </isNotNull>
    </dynamic>
    where REC_ID = #recId:DECIMAL#
  </update>
  <select id="abatorgenerated_countByExample" parameterClass="com.gotop.superviseReceive.model.TSuperviceReceiveExample" resultClass="java.lang.Integer" >
    <!--通过查询实例，统计总数-->
    select count(*) from T_SUPERVICE_RECEIVE
    <include refid="COMMON.abatorgenerated_Example_Where_Clause" />
  </select>
  <select id="abatorgenerated_countByTemplate" parameterClass="com.gotop.superviseReceive.model.TSuperviceReceive" resultClass="java.lang.Integer" >
    <!--通过查询Bean数据模板，统计总数-->
    select count(*) from T_SUPERVICE_RECEIVE
    <dynamic prepend="where" >
      <isNotNull prepend="and" property="recId" >
        REC_ID = #recId:DECIMAL#
      </isNotNull>
      <isNotNull prepend="and" property="superviseId" >
        SUPERVISE_ID = #superviseId:DECIMAL#
      </isNotNull>
      <isNotNull prepend="and" property="receiveEmp" >
        RECEIVE_EMP = #receiveEmp:VARCHAR#
      </isNotNull>
      <isNotNull prepend="and" property="content" >
        CONTENT = #content:VARCHAR#
      </isNotNull>
      <isNotNull prepend="and" property="status" >
        STATUS = #status:VARCHAR#
      </isNotNull>
      <isNotNull prepend="and" property="receiveDate" >
        RECEIVE_DATE = #receiveDate:VARCHAR#
      </isNotNull>
      <isNotNull prepend="and" property="receiveTime" >
        RECEIVE_TIME = #receiveTime:VARCHAR#
      </isNotNull>
      <isNotNull prepend="and" property="nodeId" >
        NODE_ID = #nodeId:VARCHAR#
      </isNotNull>
      <isNotNull prepend="and" property="nodeName" >
        NODE_NAME = #nodeName:VARCHAR#
      </isNotNull>
    </dynamic>
  </select>
  <update id="abatorgenerated_updateByExampleSelective" >
    <!--通过查询实例，更新非null字段-->
    update T_SUPERVICE_RECEIVE
    <dynamic prepend="set" >
      <isNotNull prepend="," property="record.recId" >
        REC_ID = #record.recId:DECIMAL:-9999#
      </isNotNull>
      <isNotNull prepend="," property="record.superviseId" >
        SUPERVISE_ID = #record.superviseId:DECIMAL:-9999#
      </isNotNull>
      <isNotNull prepend="," property="record.receiveEmp" >
        RECEIVE_EMP = #record.receiveEmp:VARCHAR#
      </isNotNull>
      <isNotNull prepend="," property="record.content" >
        CONTENT = #record.content:VARCHAR#
      </isNotNull>
      <isNotNull prepend="," property="record.status" >
        STATUS = #record.status:VARCHAR#
      </isNotNull>
      <isNotNull prepend="," property="record.receiveDate" >
        RECEIVE_DATE = #record.receiveDate:VARCHAR#
      </isNotNull>
      <isNotNull prepend="," property="record.receiveTime" >
        RECEIVE_TIME = #record.receiveTime:VARCHAR#
      </isNotNull>
      <isNotNull prepend="," property="record.nodeId" >
        NODE_ID = #record.nodeId:VARCHAR#
      </isNotNull>
      <isNotNull prepend="," property="record.nodeName" >
        NODE_NAME = #record.nodeName:VARCHAR#
      </isNotNull>
    </dynamic>
    <isParameterPresent >
      <include refid="COMMON.abatorgenerated_Example_Where_Clause" />
    </isParameterPresent>
  </update>
  <update id="abatorgenerated_updateByExample" >
    <!--通过查询实例，更新全部字段-->
    update T_SUPERVICE_RECEIVE
    set REC_ID = #record.recId:DECIMAL:-9999#,
      SUPERVISE_ID = #record.superviseId:DECIMAL:-9999#,
      RECEIVE_EMP = #record.receiveEmp:VARCHAR#,
      CONTENT = #record.content:VARCHAR#,
      STATUS = #record.status:VARCHAR#,
      RECEIVE_DATE = #record.receiveDate:VARCHAR#,
      RECEIVE_TIME = #record.receiveTime:VARCHAR#,
      NODE_ID = #record.nodeId:VARCHAR#,
      NODE_NAME = #record.nodeName:VARCHAR#
    <isParameterPresent >
      <include refid="COMMON.abatorgenerated_Example_Where_Clause" />
    </isParameterPresent>
  </update>
  <update id="abatorgenerated_updateEntityByTemplate" >
    <!--根据Bean数据模板查询条件更新记录-->
    update T_SUPERVICE_RECEIVE
    <dynamic prepend="set" >
      <isNotEmpty prepend="," property="record.recId" >
        REC_ID = #record.recId:DECIMAL:-9999#
      </isNotEmpty>
      <isNotEmpty prepend="," property="record.superviseId" >
        SUPERVISE_ID = #record.superviseId:DECIMAL:-9999#
      </isNotEmpty>
      <isNotEmpty prepend="," property="record.receiveEmp" >
        RECEIVE_EMP = #record.receiveEmp:VARCHAR#
      </isNotEmpty>
      <isNotEmpty prepend="," property="record.content" >
        CONTENT = #record.content:VARCHAR#
      </isNotEmpty>
      <isNotEmpty prepend="," property="record.status" >
        STATUS = #record.status:VARCHAR#
      </isNotEmpty>
      <isNotEmpty prepend="," property="record.receiveDate" >
        RECEIVE_DATE = #record.receiveDate:VARCHAR#
      </isNotEmpty>
      <isNotEmpty prepend="," property="record.receiveTime" >
        RECEIVE_TIME = #record.receiveTime:VARCHAR#
      </isNotEmpty>
      <isNotEmpty prepend="," property="record.nodeId" >
        NODE_ID = #record.nodeId:VARCHAR#
      </isNotEmpty>
      <isNotEmpty prepend="," property="record.nodeName" >
        NODE_NAME = #record.nodeName:VARCHAR#
      </isNotEmpty>
    </dynamic>
    <dynamic prepend="where" >
      <isNotEmpty prepend="and" property="template.recId" >
        REC_ID = #recId:DECIMAL#
      </isNotEmpty>
      <isNotEmpty prepend="and" property="template.superviseId" >
        SUPERVISE_ID = #superviseId:DECIMAL#
      </isNotEmpty>
      <isNotEmpty prepend="and" property="template.receiveEmp" >
        RECEIVE_EMP = #receiveEmp:VARCHAR#
      </isNotEmpty>
      <isNotEmpty prepend="and" property="template.content" >
        CONTENT = #content:VARCHAR#
      </isNotEmpty>
      <isNotEmpty prepend="and" property="template.status" >
        STATUS = #status:VARCHAR#
      </isNotEmpty>
      <isNotEmpty prepend="and" property="template.receiveDate" >
        RECEIVE_DATE = #receiveDate:VARCHAR#
      </isNotEmpty>
      <isNotEmpty prepend="and" property="template.receiveTime" >
        RECEIVE_TIME = #receiveTime:VARCHAR#
      </isNotEmpty>
      <isNotEmpty prepend="and" property="template.nodeId" >
        NODE_ID = #nodeId:VARCHAR#
      </isNotEmpty>
      <isNotEmpty prepend="and" property="template.nodeName" >
        NODE_NAME = #nodeName:VARCHAR#
      </isNotEmpty>
    </dynamic>
  </update>
 
  <select id="abatorgenerated_selectByExampleAndPage" resultClass="record" parameterClass="com.gotop.superviseReceive.model.TSuperviceReceiveExample" >
    <!--通过Bean方式的动态条件，查询分页数据-->
    select REC_ID, SUPERVISE_ID, RECEIVE_EMP, CONTENT, STATUS, RECEIVE_DATE, RECEIVE_TIME, NODE_ID,
      NODE_NAME
    from T_SUPERVICE_RECEIVE
    <isParameterPresent >
      <include refid="COMMON.abatorgenerated_Example_Where_Clause" />
    </isParameterPresent>
  </select>
</sqlMap>