<?xml version="1.0" encoding="UTF-8" ?>
<!DOCTYPE sqlMap PUBLIC "-//ibatis.apache.org//DTD SQL Map 2.0//EN" "http://ibatis.apache.org/dtd/sql-map-2.dtd" >
<sqlMap namespace="T_RANGE_USER_SqlMap" >
  <resultMap id="abatorgenerated_TRangeUserResult" class="com.gotop.dataUser.model.TRangeUser" >
    <!--Bean方式返回全表-->
    <result column="USER_ID" property="userId" jdbcType="DECIMAL"  />
    <result column="RESOURCE_ID" property="resourceId" jdbcType="DECIMAL" />
    <result column="EMP_ID" property="empId" jdbcType="DECIMAL" />
    <result column="SEND_ID" property="sendId" jdbcType="DECIMAL" />
    <result column="RESOURCE_TYPE" property="resourceType" jdbcType="VARCHAR" />
    <result column="DES_ID" property="desId" jdbcType="DECIMAL" />
    <result column="DES_TIME" property="desTime" jdbcType="VARCHAR" />
    <result column="DES_DATE" property="desDate" jdbcType="VARCHAR" />
  </resultMap>
  <resultMap id="abatorgenerated_TRangeUser_HashMapResult" class="java.util.HashMap" >
    <!--HashMap方式返回全表-->
    <result column="USER_ID" property="userId" jdbcType="DECIMAL" />
    <result column="RESOURCE_ID" property="resourceId" jdbcType="DECIMAL" />
    <result column="EMP_ID" property="empId" jdbcType="DECIMAL" />
    <result column="SEND_ID" property="sendId" jdbcType="DECIMAL" />
    <result column="RESOURCE_TYPE" property="resourceType" jdbcType="VARCHAR" />
    <result column="DES_ID" property="desId" jdbcType="DECIMAL" />
    <result column="DES_TIME" property="desTime" jdbcType="VARCHAR" />
    <result column="DES_DATE" property="desDate" jdbcType="VARCHAR" />
  </resultMap>
  <select id="abatorgenerated_selectByPrimaryKey" resultMap="abatorgenerated_TRangeUserResult" parameterClass="com.gotop.dataUser.model.TRangeUser" >
    <!--通过主键查询一条数据-->
    select USER_ID, RESOURCE_ID, EMP_ID, RESOURCE_TYPE, DES_ID, DES_TIME, DES_DATE
    from T_RANGE_USER
    where USER_ID = #userId:DECIMAL#
  </select>
  <select id="abatorgenerated_selectByExample" resultMap="abatorgenerated_TRangeUserResult" parameterClass="com.gotop.dataUser.model.TRangeUserExample" >
    <!--通过查询实体,查询满足条件的记录-->
    select USER_ID, RESOURCE_ID, EMP_ID, RESOURCE_TYPE, DES_ID, DES_TIME, DES_DATE
    from T_RANGE_USER
    <isParameterPresent >
      <include refid="COMMON.abatorgenerated_Example_Where_Clause" />
      <isNotNull property="orderByClause" >
        order by $orderByClause$
      </isNotNull>
    </isParameterPresent>
  </select>
  <select id="abatorgenerated_expandEntityByTemplate" resultMap="abatorgenerated_TRangeUserResult" parameterClass="com.gotop.dataUser.model.TRangeUser" >
    <!--根据Bean数据模板查询条件查询所有记录，可查询分页数据-->
    select USER_ID, RESOURCE_ID, EMP_ID, RESOURCE_TYPE, DES_ID, DES_TIME, DES_DATE
    from T_RANGE_USER where <![CDATA[ rownum<2 ]]>
    <dynamic >
      <isNotNull prepend="and" property="userId" >
        USER_ID = #userId:DECIMAL#
      </isNotNull>
      <isNotNull prepend="and" property="resourceId" >
        RESOURCE_ID = #resourceId:DECIMAL#
      </isNotNull>
      <isNotNull prepend="and" property="empId" >
        EMP_ID = #empId:DECIMAL#
      </isNotNull>
      <isNotNull prepend="and" property="resourceType" >
        RESOURCE_TYPE = #resourceType:VARCHAR#
      </isNotNull>
      <isNotNull prepend="and" property="desId" >
        DES_ID = #desId:DECIMAL#
      </isNotNull>
      <isNotNull prepend="and" property="desTime" >
        DES_TIME = #desTime:VARCHAR#
      </isNotNull>
      <isNotNull prepend="and" property="desDate" >
        DES_DATE = #desDate:VARCHAR#
      </isNotNull>
    </dynamic>
  </select>
  <select id="abatorgenerated_queryEntitiesByTemplate" resultMap="abatorgenerated_TRangeUserResult" parameterClass="com.gotop.dataUser.model.TRangeUser" >
    <!--根据Bean数据模板查询条件查询所有记录，可查询分页数据-->
    select USER_ID, RESOURCE_ID, EMP_ID, RESOURCE_TYPE, DES_ID, DES_TIME, DES_DATE
    from T_RANGE_USER
    <dynamic prepend="where" >
      <isNotNull prepend="and" property="userId" >
        USER_ID = #userId:DECIMAL#
      </isNotNull>
      <isNotNull prepend="and" property="resourceId" >
        RESOURCE_ID = #resourceId:DECIMAL#
      </isNotNull>
      <isNotNull prepend="and" property="empId" >
        EMP_ID = #empId:DECIMAL#
      </isNotNull>
      <isNotNull prepend="and" property="resourceType" >
        RESOURCE_TYPE = #resourceType:VARCHAR#
      </isNotNull>
      <isNotNull prepend="and" property="desId" >
        DES_ID = #desId:DECIMAL#
      </isNotNull>
      <isNotNull prepend="and" property="desTime" >
        DES_TIME = #desTime:VARCHAR#
      </isNotNull>
      <isNotNull prepend="and" property="desDate" >
        DES_DATE = #desDate:VARCHAR#
      </isNotNull>
    </dynamic>
  </select>
  <delete id="abatorgenerated_deleteByPrimaryKey" parameterClass="com.gotop.dataUser.model.TRangeUser" >
    <!--
      WARNING - This element is automatically generated by Abator for iBATIS, do not modify.
      This element was generated on .
    -->
    <!--通过主键删除一条记录-->
    delete from T_RANGE_USER
    where USER_ID = #userId:DECIMAL#
  </delete>
  <delete id="abatorgenerated_deleteByExample" parameterClass="com.gotop.dataUser.model.TRangeUserExample" >
    <!--通过查询实例，删除满足条件的数据-->
    delete from T_RANGE_USER
    <include refid="COMMON.abatorgenerated_Example_Where_Clause" />
  </delete>
  <delete id="abatorgenerated_deleteByTemplate" parameterClass="com.gotop.dataUser.model.TRangeUser" >
    <!--根据Bean数据模板查询条件删除记录-->
    delete from T_RANGE_USER
    <dynamic prepend="where" >
      <isNotEmpty prepend="and" property="userId" >
        USER_ID = #userId:DECIMAL#
      </isNotEmpty>
      <isNotEmpty prepend="and" property="resourceId" >
        RESOURCE_ID = #resourceId:DECIMAL#
      </isNotEmpty>
      <isNotEmpty prepend="and" property="empId" >
        EMP_ID = #empId:DECIMAL#
      </isNotEmpty>
      <isNotEmpty prepend="and" property="resourceType" >
        RESOURCE_TYPE = #resourceType:VARCHAR#
      </isNotEmpty>
      <isNotEmpty prepend="and" property="desId" >
        DES_ID = #desId:DECIMAL#
      </isNotEmpty>
      <isNotEmpty prepend="and" property="desTime" >
        DES_TIME = #desTime:VARCHAR#
      </isNotEmpty>
      <isNotEmpty prepend="and" property="desDate" >
        DES_DATE = #desDate:VARCHAR#
      </isNotEmpty>
    </dynamic>
  </delete>
  <insert id="abatorgenerated_insert" parameterClass="com.gotop.dataUser.model.TRangeUser" >
    <!--通过主键更新整条数据-->
    <selectKey keyProperty="userId" resultClass="Long">
    	SELECT SQ_T_RANGE_USER_1.NEXTVAL AS VALUE FROM DUAL
    </selectKey>
    insert into T_RANGE_USER (USER_ID, RESOURCE_ID, EMP_ID, RESOURCE_TYPE, DES_ID, DES_TIME,
      DES_DATE,ORGNAME,SEND_ID)
    values (#userId:DECIMAL:-9999#, #resourceId:DECIMAL:-9999#, #empId:DECIMAL:-9999#,
      #resourceType:VARCHAR#, #desId:DECIMAL:-9999#, #desTime:VARCHAR#, #desDate:VARCHAR#, #orgName:VARCHAR#,#sendId:DECIMAL:-9999#)
  </insert>
  <update id="abatorgenerated_updateByPrimaryKey" parameterClass="com.gotop.dataUser.model.TRangeUser" >
    <!--通过主键更新一条全部字段内容-->
    update T_RANGE_USER
    set RESOURCE_ID = #resourceId:DECIMAL:-9999#,
      EMP_ID = #empId:DECIMAL:-9999#,
      RESOURCE_TYPE = #resourceType:VARCHAR#,
      DES_ID = #desId:DECIMAL:-9999#,
      DES_TIME = #desTime:VARCHAR#,
      DES_DATE = #desDate:VARCHAR#
    where USER_ID = #userId:DECIMAL#
  </update>
  <update id="abatorgenerated_updateByPrimaryKeySelective" parameterClass="com.gotop.dataUser.model.TRangeUser" >
    <!--通过主键更新部分字段，部分字段说明：当字段为null时不更新，当字段值为''空值是更新为空值-->
    update T_RANGE_USER
    <dynamic prepend="set" >
      <isNotNull prepend="," property="resourceId" >
        RESOURCE_ID = #resourceId:DECIMAL:-9999#
      </isNotNull>
      <isNotNull prepend="," property="empId" >
        EMP_ID = #empId:DECIMAL:-9999#
      </isNotNull>
      <isNotNull prepend="," property="resourceType" >
        RESOURCE_TYPE = #resourceType:VARCHAR#
      </isNotNull>
      <isNotNull prepend="," property="desId" >
        DES_ID = #desId:DECIMAL:-9999#
      </isNotNull>
      <isNotNull prepend="," property="desTime" >
        DES_TIME = #desTime:VARCHAR#
      </isNotNull>
      <isNotNull prepend="," property="desDate" >
        DES_DATE = #desDate:VARCHAR#
      </isNotNull>
      <isNotNull prepend="," property="isDes" >
        ISDES = #isDes:VARCHAR#
      </isNotNull>
    </dynamic>
    where USER_ID = #userId:DECIMAL#
  </update>
  <select id="abatorgenerated_countByExample" parameterClass="com.gotop.dataUser.model.TRangeUserExample" resultClass="java.lang.Integer" >
    <!--通过查询实例，统计总数-->
    select count(*) from T_RANGE_USER
    <include refid="COMMON.abatorgenerated_Example_Where_Clause" />
  </select>
  <select id="abatorgenerated_countByTemplate" parameterClass="com.gotop.dataUser.model.TRangeUser" resultClass="java.lang.Integer" >
    <!--通过查询Bean数据模板，统计总数-->
    select count(*) from T_RANGE_USER
    <dynamic prepend="where" >
      <isNotNull prepend="and" property="userId" >
        USER_ID = #userId:DECIMAL#
      </isNotNull>
      <isNotNull prepend="and" property="resourceId" >
        RESOURCE_ID = #resourceId:DECIMAL#
      </isNotNull>
      <isNotNull prepend="and" property="empId" >
        EMP_ID = #empId:DECIMAL#
      </isNotNull>
      <isNotNull prepend="and" property="resourceType" >
        RESOURCE_TYPE = #resourceType:VARCHAR#
      </isNotNull>
      <isNotNull prepend="and" property="desId" >
        DES_ID = #desId:DECIMAL#
      </isNotNull>
      <isNotNull prepend="and" property="desTime" >
        DES_TIME = #desTime:VARCHAR#
      </isNotNull>
      <isNotNull prepend="and" property="desDate" >
        DES_DATE = #desDate:VARCHAR#
      </isNotNull>
    </dynamic>
  </select>
  <update id="abatorgenerated_updateByExampleSelective" >
    <!--通过查询实例，更新非null字段-->
    update T_RANGE_USER
    <dynamic prepend="set" >
      <isNotNull prepend="," property="record.userId" >
        USER_ID = #record.userId:DECIMAL:-9999#
      </isNotNull>
      <isNotNull prepend="," property="record.resourceId" >
        RESOURCE_ID = #record.resourceId:DECIMAL:-9999#
      </isNotNull>
      <isNotNull prepend="," property="record.empId" >
        EMP_ID = #record.empId:DECIMAL:-9999#
      </isNotNull>
      <isNotNull prepend="," property="record.resourceType" >
        RESOURCE_TYPE = #record.resourceType:VARCHAR#
      </isNotNull>
      <isNotNull prepend="," property="record.desId" >
        DES_ID = #record.desId:DECIMAL:-9999#
      </isNotNull>
      <isNotNull prepend="," property="record.desTime" >
        DES_TIME = #record.desTime:VARCHAR#
      </isNotNull>
      <isNotNull prepend="," property="record.desDate" >
        DES_DATE = #record.desDate:VARCHAR#
      </isNotNull>
    </dynamic>
    <isParameterPresent >
      <include refid="COMMON.abatorgenerated_Example_Where_Clause" />
    </isParameterPresent>
  </update>
  <update id="abatorgenerated_updateByExample" >
    <!--通过查询实例，更新全部字段-->
    update T_RANGE_USER
    set USER_ID = #record.userId:DECIMAL:-9999#,
      RESOURCE_ID = #record.resourceId:DECIMAL:-9999#,
      EMP_ID = #record.empId:DECIMAL:-9999#,
      RESOURCE_TYPE = #record.resourceType:VARCHAR#,
      DES_ID = #record.desId:DECIMAL:-9999#,
      DES_TIME = #record.desTime:VARCHAR#,
      DES_DATE = #record.desDate:VARCHAR#
    <isParameterPresent >
      <include refid="COMMON.abatorgenerated_Example_Where_Clause" />
    </isParameterPresent>
  </update>
  <update id="abatorgenerated_updateEntityByTemplate" >
    <!--根据Bean数据模板查询条件更新记录-->
    update T_RANGE_USER
    <dynamic prepend="set" >
      <isNotEmpty prepend="," property="record.userId" >
        USER_ID = #record.userId:DECIMAL:-9999#
      </isNotEmpty>
      <isNotEmpty prepend="," property="record.resourceId" >
        RESOURCE_ID = #record.resourceId:DECIMAL:-9999#
      </isNotEmpty>
      <isNotEmpty prepend="," property="record.empId" >
        EMP_ID = #record.empId:DECIMAL:-9999#
      </isNotEmpty>
      <isNotEmpty prepend="," property="record.resourceType" >
        RESOURCE_TYPE = #record.resourceType:VARCHAR#
      </isNotEmpty>
      <isNotEmpty prepend="," property="record.desId" >
        DES_ID = #record.desId:DECIMAL:-9999#
      </isNotEmpty>
      <isNotEmpty prepend="," property="record.desTime" >
        DES_TIME = #record.desTime:VARCHAR#
      </isNotEmpty>
      <isNotEmpty prepend="," property="record.desDate" >
        DES_DATE = #record.desDate:VARCHAR#
      </isNotEmpty>
      <isNotEmpty prepend="," property="record.desDate" >
        ISDES = #record.isDes:VARCHAR#
      </isNotEmpty>
    </dynamic>
    <dynamic prepend="where" >
      <isNotEmpty prepend="and" property="template.userId" >
        USER_ID = #template.userId:DECIMAL#
      </isNotEmpty>
      <isNotEmpty prepend="and" property="template.resourceId" >
        RESOURCE_ID = #template.resourceId:DECIMAL#
      </isNotEmpty>
      <isNotEmpty prepend="and" property="template.empId" >
        EMP_ID = #template.empId:DECIMAL#
      </isNotEmpty>
      <isNotEmpty prepend="and" property="template.resourceType" >
        RESOURCE_TYPE = #template.resourceType:VARCHAR#
      </isNotEmpty>
      <isNotEmpty prepend="and" property="template.desId" >
        DES_ID = #template.desId:DECIMAL#
      </isNotEmpty>
      <isNotEmpty prepend="and" property="template.desTime" >
        DES_TIME = #template.desTime:VARCHAR#
      </isNotEmpty>
      <isNotEmpty prepend="and" property="template.desDate" >
        DES_DATE = #template.desDate:VARCHAR#
      </isNotEmpty>
    </dynamic>
  </update>
  <select id="abatorgenerated_selectByMapAndPage" resultMap="abatorgenerated_TRangeUser_HashMapResult" parameterClass="java.util.HashMap" >
    <!--通过Map方式的动态条件，查询分页数据-->
    select USER_ID, RESOURCE_ID, EMP_ID, RESOURCE_TYPE, DES_ID, DES_TIME, DES_DATE
    from T_RANGE_USER
    <dynamic prepend="where" >
      <isNotNull prepend="and" property="userId" >
        USER_ID = #userId:DECIMAL#
      </isNotNull>
      <isNotNull prepend="and" property="resourceId" >
        RESOURCE_ID = #resourceId:DECIMAL#
      </isNotNull>
      <isNotNull prepend="and" property="empId" >
        EMP_ID = #empId:DECIMAL#
      </isNotNull>
      <isNotNull prepend="and" property="resourceType" >
        RESOURCE_TYPE = #resourceType:VARCHAR#
      </isNotNull>
      <isNotNull prepend="and" property="desId" >
        DES_ID = #desId:DECIMAL#
      </isNotNull>
      <isNotNull prepend="and" property="desTime" >
        DES_TIME = #desTime:VARCHAR#
      </isNotNull>
      <isNotNull prepend="and" property="desDate" >
        DES_DATE = #desDate:VARCHAR#
      </isNotNull>
    </dynamic>
  </select>
  <select id="abatorgenerated_selectByExampleAndPage" resultMap="abatorgenerated_TRangeUserResult" parameterClass="com.gotop.dataUser.model.TRangeUserExample" >
    <!--通过Bean方式的动态条件，查询分页数据-->
    select USER_ID, RESOURCE_ID, EMP_ID, RESOURCE_TYPE, DES_ID, DES_TIME, DES_DATE
    from T_RANGE_USER
    <isParameterPresent >
      <include refid="COMMON.abatorgenerated_Example_Where_Clause" />
    </isParameterPresent>
  </select>
  
  <select id="queryOrgName" resultClass="java.util.HashMap">
      select T2.Orgname
  from om_emporg T1, Om_Organization T2
 where T1.Empid = #empid#
   and T1.Orgid = T2.Orgid
   and rownum =1
  </select>
</sqlMap>