<?xml version="1.0" encoding="UTF-8" ?>
<!DOCTYPE sqlMap PUBLIC "-//ibatis.apache.org//DTD SQL Map 2.0//EN" "http://ibatis.apache.org/dtd/sql-map-2.dtd" >
<sqlMap namespace="T_DEVICE_SqlMap" >
  <resultMap id="tDeviceResult" class="com.gotop.deviceManagement.model.DevicePo" >
    <!--Bean方式返回全表-->
    <result column="DEVICEID" property="deviceId" jdbcType="DECIMAL" />
    <result column="DEVICENAME" property="deviceName" jdbcType="VARCHAR" />
    <result column="DEVICEMODEL" property="deviceModel" jdbcType="VARCHAR" />
    <result column="IPADRESS" property="ipAdress" jdbcType="VARCHAR" />
    <result column="PRODUCTIONMACHINENAME" property="productionMachineName" jdbcType="VARCHAR" />
    <result column="CPUCODE" property="cpuCode" jdbcType="VARCHAR" />
    <result column="MEMORY" property="memory" jdbcType="VARCHAR" />
    <result column="HARDDISK" property="hardDisk" jdbcType="VARCHAR" />
    <result column="OSVERSION" property="osVersion" jdbcType="VARCHAR" />
    <result column="SOFTWAREVERSION" property="softwareVersion" jdbcType="VARCHAR" />
    <result column="IEVERSION" property="ieVersion" jdbcType="VARCHAR" />
    <result column="USEFUL" property="useful" jdbcType="VARCHAR" />
    <result column="TERMINALNUMBER" property="terminalNumber" jdbcType="VARCHAR" />
    <result column="USERS" property="user" jdbcType="VARCHAR" />
    <result column="PLUGIN" property="plugIn" jdbcType="VARCHAR" />
    <result column="PERIPHERAL" property="peripheral" jdbcType="VARCHAR" />
    <result column="OTHERATTRIBUTE_1" property="otherAttribute_1" jdbcType="VARCHAR" />
    <result column="OTHERATTRIBUTE_2" property="otherAttribute_2" jdbcType="VARCHAR" />
    <result column="OTHERATTRIBUTE_3" property="otherAttribute_3" jdbcType="VARCHAR" />
    <result column="OTHERATTRIBUTE_4" property="otherAttribute_4" jdbcType="VARCHAR" />
    <result column="OTHERATTRIBUTE_5" property="otherAttribute_5" jdbcType="VARCHAR" />
    <result column="OTHERINFO_1" property="otherInfo_1" jdbcType="VARCHAR" />
    <result column="OTHERINFO_2" property="otherInfo_2" jdbcType="VARCHAR" />
    <result column="OTHERINFO_3" property="otherInfo_3" jdbcType="VARCHAR" />
    <result column="OTHERINFO_4" property="otherInfo_4" jdbcType="VARCHAR" />
    <result column="OTHERINFO_5" property="otherInfo_5" jdbcType="VARCHAR" />
    <result column="REMARKS_1" property="remarks_1" jdbcType="VARCHAR" />
    <result column="REMARKS_2" property="remarks_2" jdbcType="VARCHAR" />
    <result column="REMARKS_3" property="remarks_3" jdbcType="VARCHAR" />
    <result column="REMARKS_4" property="remarks_4" jdbcType="VARCHAR" />
    <result column="REMARKS_5" property="remarks_5" jdbcType="VARCHAR" />
    <result column="ORGNAME" property="orgname" jdbcType="VARCHAR" />
    <result column="ORGCODE" property="orgcode" jdbcType="VARCHAR" />  
    <result column="DEVICE_STATE" property="deviceState" jdbcType="CHAR" />    
  </resultMap>
  
  <!-- 查询设备列表 -->
  <select id="queryList" resultMap="tDeviceResult" parameterClass="java.util.HashMap" >
 	select t.*, o.orgname from  t_new_deviceManagement t , om_organization o
where t.orgcode = o.orgcode
      <isNotNull prepend="and" property="orgcode" >
        t.ORGCODE = #orgcode#
      </isNotNull>
      <isNotNull prepend="and" property="deviceName" >
        t.DEVICENAME = #deviceName#
      </isNotNull>
      <isNotNull prepend="and" property="deviceModel" >
        t.DEVICEMODEL = #deviceModel#
      </isNotNull>
      <isNotNull prepend="and" property="deviceState" >
         t.DEVICE_STATE = #deviceState#
      </isNotNull>
      <isNotNull prepend="and" property="memoryMin" >
         t.MEMORY > #memoryMin#
      </isNotNull>
      <isNotNull prepend="and" property="memoryMax" >
      		<![CDATA[  t.MEMORY < #memoryMax# ]]>
      </isNotNull>
      <isNotNull prepend="and" property="hardDiskMin" >
         t.HARDDISK > #hardDiskMin#
      </isNotNull>
      <isNotNull prepend="and" property="hardDiskMax" >
         <![CDATA[  t.HARDDISK < #hardDiskMax# ]]>
      </isNotNull>
       <isNotNull prepend="and" property="osVersion" >
         t.OSVERSION = #osVersion#
      </isNotNull>
      <isNotNull prepend="and" property="softwareVersion" >
        t.SOFTWAREVERSION like '%'|| #softwareVersion# ||'%'
      </isNotNull>
      <isNotNull prepend="and" property="ieVersion" >
         t.IEVERSION = #ieVersion#
      </isNotNull>
      <isNotNull prepend="and" property="useful" >
        t.USEFUL like '%'|| #useful# ||'%'
      </isNotNull>
      <isNotNull prepend="and" property="plugIn" >
         t.PLUGIN  like '%'|| #plugIn# ||'%'
      </isNotNull>
      <isNotNull prepend="and" property="peripheral" >
        t.PERIPHERAL  like '%'|| #peripheral# ||'%'
      </isNotNull>
  order by t.orgcode ,t.deviceName,t.deviceModel
  </select>
  
  <!--通过主键查询一条数据-->
   <select id="selectByPrimaryKey" resultMap="tDeviceResult" parameterClass="com.gotop.deviceManagement.model.DevicePo" >
   select a.*, b.orgname from t_new_deviceManagement a,om_organization b
where a.orgcode = b.orgcode
 	and a.DEVICEID = #deviceId:DECIMAL# 
  </select>

<!--新增一条新记录-->
<insert id="insert" parameterClass="com.gotop.deviceManagement.model.DevicePo" >
      <selectKey resultClass="long" keyProperty="deviceId">
		SELECT seq_t_new_deviceManagement.NEXTVAL AS VALUE FROM DUAL
		</selectKey>
    insert into t_new_deviceManagement 
    (DEVICEID, DEVICENAME, DEVICEMODEL, IPADRESS, PRODUCTIONMACHINENAME, CPUCODE, MEMORY, HARDDISK
    , OSVERSION, SOFTWAREVERSION, IEVERSION, USEFUL, TERMINALNUMBER, USERS, PLUGIN, PERIPHERAL
    , OTHERATTRIBUTE_1, OTHERATTRIBUTE_2, OTHERATTRIBUTE_3, OTHERATTRIBUTE_4, OTHERATTRIBUTE_5
    , OTHERINFO_1, OTHERINFO_2, OTHERINFO_3, OTHERINFO_4, OTHERINFO_5
    , REMARKS_1 , REMARKS_2 , REMARKS_3 , REMARKS_4 , REMARKS_5
    , ORGCODE, DEVICE_STATE)
    values (#deviceId:DECIMAL:-9999#,  #deviceName:VARCHAR#,  #deviceModel:VARCHAR#,  #ipAdress:VARCHAR#,  #productionMachineName:VARCHAR#
     ,  #cpuCode:VARCHAR# , #memory:VARCHAR# ,  #hardDisk:VARCHAR# ,  #osVersion:VARCHAR# ,  #softwareVersion:VARCHAR# ,  #ieVersion:VARCHAR# ,  #useful:VARCHAR#
     ,  #terminalNumber:VARCHAR# ,  #user:VARCHAR# ,  #plugIn:VARCHAR# ,  #peripheral:VARCHAR#
     ,  #otherAttribute_1:VARCHAR# ,  #otherAttribute_2:VARCHAR#  ,  #otherAttribute_3:VARCHAR#  ,  #otherAttribute_4:VARCHAR#  ,  #otherAttribute_5:VARCHAR# 
     ,  #otherInfo_1:VARCHAR#  ,  #otherInfo_2:VARCHAR#  ,  #otherInfo_3:VARCHAR#  ,  #otherInfo_4:VARCHAR#  ,  #otherInfo_5:VARCHAR#
     ,  #remarks_1:VARCHAR#  ,  #remarks_2:VARCHAR#  ,  #remarks_3:VARCHAR#  ,  #remarks_4:VARCHAR#  ,  #remarks_5:VARCHAR# 
     ,  #orgcode:VARCHAR# ,  #deviceState:CHAR# )
  </insert>
  
  <!--通过主键更新一条全部字段内容-->
  <update id="updateByPrimaryKey" parameterClass="com.gotop.deviceManagement.model.DevicePo" >
    update t_new_deviceManagement
    set DEVICENAME = #deviceName:VARCHAR#,
      DEVICEMODEL = #deviceModel:VARCHAR#,
      IPADRESS = #ipAdress:VARCHAR#,
      PRODUCTIONMACHINENAME = #productionMachineName:VARCHAR#,
      CPUCODE = #cpuCode:VARCHAR#,
      MEMORY = #memory:VARCHAR#,
      HARDDISK = #hardDisk:VARCHAR#,
      OSVERSION = #osVersion:VARCHAR#,
      SOFTWAREVERSION = #softwareVersion:VARCHAR#,
      IEVERSION = #ieVersion:VARCHAR#,
      USEFUL = #useful:VARCHAR#,
      TERMINALNUMBER = #terminalNumber:VARCHAR#,
      USERS = #user:VARCHAR#,
      PLUGIN = #plugIn:VARCHAR#,
      PERIPHERAL = #peripheral:VARCHAR#,
      OTHERATTRIBUTE_1 = #otherAttribute_1:VARCHAR#,
      OTHERATTRIBUTE_2 = #otherAttribute_2:VARCHAR#,
      OTHERATTRIBUTE_3 = #otherAttribute_3:VARCHAR#,
      OTHERATTRIBUTE_4 = #otherAttribute_4:VARCHAR#,
      OTHERATTRIBUTE_5 = #otherAttribute_5:VARCHAR#,
      OTHERINFO_1 = #otherInfo_1:VARCHAR#,
      OTHERINFO_2 = #otherInfo_2:VARCHAR#,
      OTHERINFO_3 = #otherInfo_3:VARCHAR#,
      OTHERINFO_4 = #otherInfo_4:VARCHAR#,
      OTHERINFO_5 = #otherInfo_5:VARCHAR#,
      REMARKS_1 = #remarks_1:VARCHAR#,
      REMARKS_2 = #remarks_2:VARCHAR#,
      REMARKS_3 = #remarks_3:VARCHAR#,
      REMARKS_4 = #remarks_4:VARCHAR#,
      REMARKS_5 = #remarks_5:VARCHAR#,
      ORGCODE = #orgcode:VARCHAR#,
      DEVICE_STATE = #deviceState:CHAR#   
    where DEVICEID = #deviceId:DECIMAL#
  </update>
  
  <!--通过主键删除一条记录-->
  <delete id="deleteByPrimaryKey" parameterClass="com.gotop.deviceManagement.model.DevicePo" >
    delete from t_new_deviceManagement
    where DEVICEID = #deviceId:DECIMAL#
  </delete>
  
  <select id="queryOrg" resultClass="java.lang.Integer" parameterClass="java.util.HashMap" >
 	select * from om_organization where orgcode = #orgcode#
</select>

</sqlMap>