<?xml version="1.0" encoding="UTF-8" ?>
<!DOCTYPE sqlMap PUBLIC "-//ibatis.apache.org//DTD SQL Map 2.0//EN" "http://ibatis.apache.org/dtd/sql-map-2.dtd" >
<sqlMap namespace="T_DEVICE_Detail_SqlMap" >
  <resultMap id="tDeviceDetailResult" class="com.gotop.deviceManagement.model.DeviceDetail" >
    <!--Bean方式返回全表-->
    <result column="DETAILID" property="detailId" jdbcType="DECIMAL" />
    <result column="DEVICEID" property="deviceId" jdbcType="DECIMAL" />
    <result column="OPERATEEMPID" property="operateEmpid" jdbcType="DECIMAL" />
    <result column="OPERATEEMPNAME" property="operateEmpname" jdbcType="VARCHAR" />
    <result column="OPERATETIME" property="operateTime" jdbcType="VARCHAR" />
    <result column="DEVICENAME" property="deviceName" jdbcType="VARCHAR" />
    <result column="DEVICEMODEL" property="deviceModel" jdbcType="VARCHAR" />
    <result column="IPADRESS" property="ipAdress" jdbcType="VARCHAR" />
    <result column="PRODUCTIONMACHINENAME" property="productionMachineName" jdbcType="VARCHAR" />
    <result column="CPUCODE" property="cpuCode" jdbcType="VARCHAR" />
    <result column="MEMORY" property="memory" jdbcType="VARCHAR" />
    <result column="HARDDISK" property="hardDisk" jdbcType="VARCHAR" />
    <result column="OSVERSION" property="osVersion" jdbcType="VARCHAR" />
    <result column="SOFTWAREVERSION" property="softwareVersion" jdbcType="VARCHAR" />
    <result column="IEVERSION" property="ieVersion" jdbcType="VARCHAR" />
    <result column="USEFUL" property="useful" jdbcType="VARCHAR" />
    <result column="TERMINALNUMBER" property="terminalNumber" jdbcType="VARCHAR" />
    <result column="USERS" property="user" jdbcType="VARCHAR" />
    <result column="PLUGIN" property="plugIn" jdbcType="VARCHAR" />
    <result column="PERIPHERAL" property="peripheral" jdbcType="VARCHAR" />
    <result column="OTHERATTRIBUTE_1" property="otherAttribute_1" jdbcType="VARCHAR" />
    <result column="OTHERATTRIBUTE_2" property="otherAttribute_2" jdbcType="VARCHAR" />
    <result column="OTHERATTRIBUTE_3" property="otherAttribute_3" jdbcType="VARCHAR" />
    <result column="OTHERATTRIBUTE_4" property="otherAttribute_4" jdbcType="VARCHAR" />
    <result column="OTHERATTRIBUTE_5" property="otherAttribute_5" jdbcType="VARCHAR" />
    <result column="OTHERINFO_1" property="otherInfo_1" jdbcType="VARCHAR" />
    <result column="OTHERINFO_2" property="otherInfo_2" jdbcType="VARCHAR" />
    <result column="OTHERINFO_3" property="otherInfo_3" jdbcType="VARCHAR" />
    <result column="OTHERINFO_4" property="otherInfo_4" jdbcType="VARCHAR" />
    <result column="OTHERINFO_5" property="otherInfo_5" jdbcType="VARCHAR" />
    <result column="REMARKS_1" property="remarks_1" jdbcType="VARCHAR" />
    <result column="REMARKS_2" property="remarks_2" jdbcType="VARCHAR" />
    <result column="REMARKS_3" property="remarks_3" jdbcType="VARCHAR" />
    <result column="REMARKS_4" property="remarks_4" jdbcType="VARCHAR" />
    <result column="REMARKS_5" property="remarks_5" jdbcType="VARCHAR" />
    <result column="ORGNAME" property="orgname" jdbcType="VARCHAR" />
    <result column="ORGCODE" property="orgcode" jdbcType="VARCHAR" />  
    <result column="DEVICE_STATE" property="deviceState" jdbcType="CHAR" />    
  </resultMap> 

  <!-- 查询明细列表 -->
  <select id="queryList" resultMap="tDeviceDetailResult" parameterClass="java.util.HashMap" >
 	select t.DETAILID, t.DEVICEID, t.OPERATEEMPID, TO_CHAR(t.OPERATETIME, 'yyyy-MM-dd HH24:mi:ss') as OPERATETIME
 	, t.DEVICENAME, t.DEVICEMODEL, t.IPADRESS, t.PRODUCTIONMACHINENAME, t.CPUCODE, t.MEMORY, t.HARDDISK
    , t.OSVERSION, t.SOFTWAREVERSION, t.IEVERSION, t.USEFUL, t.TERMINALNUMBER, t.USERS, t.PLUGIN, t.PERIPHERAL
    , t.OTHERATTRIBUTE_1, t.OTHERATTRIBUTE_2, t.OTHERATTRIBUTE_3, t.OTHERATTRIBUTE_4, t.OTHERATTRIBUTE_5
    , t.OTHERINFO_1, t.OTHERINFO_2, t.OTHERINFO_3, t.OTHERINFO_4, t.OTHERINFO_5
    , t.REMARKS_1, t.REMARKS_2, t.REMARKS_3, t.REMARKS_4, t.REMARKS_5
    , t.ORGCODE, t.DEVICE_STATE
 	, o.orgname, e.empname as operateEmpname from  t_new_deviceManDetail t , om_organization o, om_employee e
where t.orgcode = o.orgcode  
and t.operateEmpid = e.empid   
and t.DEVICEID = #deviceId:DECIMAL# 
 <isNotNull prepend="and" property="operateEmpname" >
         e.empname  like '%'|| #operateEmpname# ||'%'
      </isNotNull>
  order by t.operateTime desc
  </select>
  

<!--新增一条新的明细记录-->
<insert id="insert" parameterClass="com.gotop.deviceManagement.model.DeviceDetail" >
      <selectKey resultClass="long" keyProperty="detailId">
		SELECT SEQ_t_new_deviceManDetail.NEXTVAL AS VALUE FROM DUAL
		</selectKey>
    insert into t_new_deviceManDetail 
    (DETAILID, DEVICEID, OPERATEEMPID, OPERATETIME
    , DEVICENAME, DEVICEMODEL, IPADRESS, PRODUCTIONMACHINENAME, CPUCODE, MEMORY, HARDDISK
    , OSVERSION, SOFTWAREVERSION, IEVERSION, USEFUL, TERMINALNUMBER, USERS, PLUGIN, PERIPHERAL
    , OTHERATTRIBUTE_1, OTHERATTRIBUTE_2, OTHERATTRIBUTE_3, OTHERATTRIBUTE_4, OTHERATTRIBUTE_5
    , OTHERINFO_1, OTHERINFO_2, OTHERINFO_3, OTHERINFO_4, OTHERINFO_5
    , REMARKS_1 , REMARKS_2 , REMARKS_3 , REMARKS_4 , REMARKS_5
    , ORGCODE, DEVICE_STATE)
    values (#detailId:DECIMAL:-9999#, #deviceId:DECIMAL:-9999#, #operateEmpid:DECIMAL:-9999#, sysdate
    ,  #deviceName:VARCHAR#,  #deviceModel:VARCHAR#,  #ipAdress:VARCHAR#,  #productionMachineName:VARCHAR#
    ,  #cpuCode:VARCHAR# , #memory:VARCHAR# ,  #hardDisk:VARCHAR# ,  #osVersion:VARCHAR# ,  #softwareVersion:VARCHAR# ,  #ieVersion:VARCHAR# ,  #useful:VARCHAR#
     ,  #terminalNumber:VARCHAR# ,  #user:VARCHAR# ,  #plugIn:VARCHAR# ,  #peripheral:VARCHAR# 
     ,  #otherAttribute_1:VARCHAR# ,  #otherAttribute_2:VARCHAR#  ,  #otherAttribute_3:VARCHAR#  ,  #otherAttribute_4:VARCHAR#  ,  #otherAttribute_5:VARCHAR# 
     ,  #otherInfo_1:VARCHAR#  ,  #otherInfo_2:VARCHAR#  ,  #otherInfo_3:VARCHAR#  ,  #otherInfo_4:VARCHAR#  ,  #otherInfo_5:VARCHAR#
     ,  #remarks_1:VARCHAR#  ,  #remarks_2:VARCHAR#  ,  #remarks_3:VARCHAR#  ,  #remarks_4:VARCHAR#  ,  #remarks_5:VARCHAR# 
     ,  #orgcode:VARCHAR# ,  #deviceState:CHAR# )
  </insert>
  
  
  <!--通过设备ID删除相关的记录-->
  <delete id="delete" parameterClass="com.gotop.deviceManagement.model.DeviceDetail" >
    delete from t_new_deviceManDetail
    where DEVICEID = #deviceId:DECIMAL#
  </delete>

</sqlMap>