<?xml version="1.0" encoding="UTF-8" ?>
<!DOCTYPE sqlMap PUBLIC "-//ibatis.apache.org//DTD SQL Map 2.0//EN" "http://ibatis.apache.org/dtd/sql-map-2.dtd" >
<sqlMap namespace="T_APPLY_EUIP_SqlMap" >
  <typeAlias alias="euip" type="com.gotop.euipApply.model.TApplyEuip"/>
  <resultMap id="abatorgenerated_TApplyEuipResult" class="com.gotop.euipApply.model.TApplyEuip" >
    <!--Bean方式返回全表-->
    <result column="EP_ID" property="epId" jdbcType="DECIMAL" />
    <result column="EMP_ID" property="empId" jdbcType="DECIMAL" />
    <result column="FLOW_ID" property="flowId" jdbcType="VARCHAR" />
    <result column="PHONE_NO" property="phoneNo" jdbcType="VARCHAR" />
    <result column="EP_TITLE" property="epTitle" jdbcType="VARCHAR" />
    <result column="EP_MATTER" property="epMatter" jdbcType="VARCHAR" />
    <result column="EP_TYPE" property="epType" jdbcType="VARCHAR" />
    <result column="EP_NUMBER" property="epNumber" jdbcType="DECIMAL" />
    <result column="EP_BUDGET" property="epBudget" jdbcType="DECIMAL" />
    <result column="EP_REASON" property="epReason" jdbcType="VARCHAR" />
    <result column="CREATE_TIME" property="createTime" jdbcType="VARCHAR" />
    <result column="CREATE_DATE" property="createDate" jdbcType="VARCHAR" />
    <result column="ORGID" property="orgid" jdbcType="VARCHAR" />
    <result column="EMPNAME" property="empName" jdbcType="VARCHAR" />
    <result column="APPLY_TIME" property="applyTime" jdbcType="VARCHAR" />
    <result column="ORGNAME" property="orgName" jdbcType="VARCHAR" />
  </resultMap>
  <resultMap id="abatorgenerated_TApplyEuip_HashMapResult" class="java.util.HashMap" >
    <!--HashMap方式返回全表-->
    <result column="EP_ID" property="epId" jdbcType="DECIMAL" />
    <result column="EMP_ID" property="empId" jdbcType="DECIMAL" />
    <result column="FLOW_ID" property="flowId" jdbcType="VARCHAR" />
    <result column="PHONE_NO" property="phoneNo" jdbcType="VARCHAR" />
    <result column="EP_TITLE" property="epTitle" jdbcType="VARCHAR" />
    <result column="EP_MATTER" property="epMatter" jdbcType="VARCHAR" />
    <result column="EP_TYPE" property="epType" jdbcType="VARCHAR" />
    <result column="EP_NUMBER" property="epNumber" jdbcType="DECIMAL" />
    <result column="EP_BUDGET" property="epBudget" jdbcType="DECIMAL" />
    <result column="EP_REASON" property="epReason" jdbcType="VARCHAR" />
    <result column="CREATE_TIME" property="createTime" jdbcType="VARCHAR" />
    <result column="CREATE_DATE" property="createDate" jdbcType="VARCHAR" />
    <result column="ORGID" property="orgid" jdbcType="VARCHAR" />
    <result column="EMPNAME" property="empName" jdbcType="VARCHAR" />
  </resultMap>
  <select id="query_euip_apply_info" resultMap="abatorgenerated_TApplyEuipResult" parameterClass="com.gotop.euipApply.model.TApplyEuip" >
    <!--通过主键查询一条数据-->
    select a.EP_ID, a.EMP_ID, a.FLOW_ID, a.PHONE_NO, a.EP_TITLE, a.EP_MATTER, a.EP_TYPE, a.EP_NUMBER, a.EP_BUDGET,b.EMPNAME,
      a.EP_REASON, a.CREATE_TIME, a.CREATE_DATE,a.ORGID,a.APPLY_TIME,c.ORGNAME
    from T_APPLY_EUIP a,OM_EMPLOYEE b,om_organization c
    where a.EMP_ID=b.EMPID
    and a.ORGID = c.ORGID
    and (a.EP_ID = #epId:DECIMAL# or a.FLOW_ID=#flowId:VARCHAR#)
  </select>
  
  
  <select id="query_euip_apply_infos" resultClass="euip" parameterClass="com.gotop.euipApply.model.TApplyEuip" >
    <!--根据Bean数据模板查询条件查询所有记录，可查询分页数据-->
    select EP_ID, EMP_ID, FLOW_ID, PHONE_NO, EP_TITLE, EP_MATTER, EP_TYPE, EP_NUMBER, EP_BUDGET,
      EP_REASON, CREATE_TIME, CREATE_DATE
    from T_APPLY_EUIP
    <dynamic prepend="where" >
      <isNotNull prepend="and" property="epId" >
        EP_ID = #epId:DECIMAL#
      </isNotNull>
      <isNotNull prepend="and" property="empId" >
        EMP_ID = #empId:DECIMAL#
      </isNotNull>
      <isNotNull prepend="and" property="flowId" >
        FLOW_ID = #flowId:VARCHAR#
      </isNotNull>
      <isNotNull prepend="and" property="phoneNo" >
        PHONE_NO = #phoneNo:VARCHAR#
      </isNotNull>
      <isNotNull prepend="and" property="epTitle" >
        EP_TITLE = #epTitle:VARCHAR#
      </isNotNull>
      <isNotNull prepend="and" property="epMatter" >
        EP_MATTER = #epMatter:VARCHAR#
      </isNotNull>
      <isNotNull prepend="and" property="epType" >
        EP_TYPE = #epType:VARCHAR#
      </isNotNull>
      <isNotNull prepend="and" property="epNumber" >
        EP_NUMBER = #epNumber:DECIMAL#
      </isNotNull>
      <isNotNull prepend="and" property="epBudget" >
        EP_BUDGET = #epBudget:DECIMAL#
      </isNotNull>
      <isNotNull prepend="and" property="epReason" >
        EP_REASON = #epReason:VARCHAR#
      </isNotNull>
      <isNotNull prepend="and" property="createTime" >
        CREATE_TIME = #createTime:VARCHAR#
      </isNotNull>
      <isNotNull prepend="and" property="createDate" >
        CREATE_DATE = #createDate:VARCHAR#
      </isNotNull>
    </dynamic>
  </select>
  
  <delete id="delete_euip_apply_info" parameterClass="com.gotop.euipApply.model.TApplyEuip" >
    <!--通过主键删除一条记录-->
    delete from T_APPLY_EUIP
    where EP_ID = #epId:DECIMAL#
  </delete>
  
  
  <delete id="delete_euip_from_bean" parameterClass="com.gotop.euipApply.model.TApplyEuip" >
    <!--根据Bean数据模板查询条件删除记录-->
    delete from T_APPLY_EUIP
    <dynamic prepend="where" >
      <isNotEmpty prepend="and" property="epId" >
        EP_ID = #epId:DECIMAL#
      </isNotEmpty>
      <isNotEmpty prepend="and" property="empId" >
        EMP_ID = #empId:DECIMAL#
      </isNotEmpty>
      <isNotEmpty prepend="and" property="flowId" >
        FLOW_ID = #flowId:VARCHAR#
      </isNotEmpty>
      <isNotEmpty prepend="and" property="phoneNo" >
        PHONE_NO = #phoneNo:VARCHAR#
      </isNotEmpty>
      <isNotEmpty prepend="and" property="epTitle" >
        EP_TITLE = #epTitle:VARCHAR#
      </isNotEmpty>
      <isNotEmpty prepend="and" property="epMatter" >
        EP_MATTER = #epMatter:VARCHAR#
      </isNotEmpty>
      <isNotEmpty prepend="and" property="epType" >
        EP_TYPE = #epType:VARCHAR#
      </isNotEmpty>
      <isNotEmpty prepend="and" property="epNumber" >
        EP_NUMBER = #epNumber:DECIMAL#
      </isNotEmpty>
      <isNotEmpty prepend="and" property="epBudget" >
        EP_BUDGET = #epBudget:DECIMAL#
      </isNotEmpty>
      <isNotEmpty prepend="and" property="epReason" >
        EP_REASON = #epReason:VARCHAR#
      </isNotEmpty>
      <isNotEmpty prepend="and" property="createTime" >
        CREATE_TIME = #createTime:VARCHAR#
      </isNotEmpty>
      <isNotEmpty prepend="and" property="createDate" >
        CREATE_DATE = #createDate:VARCHAR#
      </isNotEmpty>
    </dynamic>
  </delete>
  <insert id="insert_euip_apply_info" parameterClass="com.gotop.euipApply.model.TApplyEuip" >
    <!--通过主键更新整条数据-->
     <selectKey resultClass="java.lang.Long" keyProperty="epId" >
      select T_APPLY_EUIP_SEQ.nextval from dual
    </selectKey>
    insert into T_APPLY_EUIP (EP_ID, EMP_ID, FLOW_ID, PHONE_NO, EP_TITLE, EP_MATTER, EP_TYPE,
      EP_NUMBER, EP_BUDGET, EP_REASON, CREATE_TIME, CREATE_DATE,ORGID,APPLY_TIME)
    values (#epId:DECIMAL:-9999#, #empId:DECIMAL:-9999#, #flowId:VARCHAR#, #phoneNo:VARCHAR#,
      #epTitle:VARCHAR#, #epMatter:VARCHAR#, #epType:VARCHAR#, #epNumber:DECIMAL:-9999#,
      #epBudget:DECIMAL:-9999#, #epReason:VARCHAR#, #createTime:VARCHAR#, #createDate:VARCHAR#,#orgid:varchar#,#applyTime:varchar#)
  </insert>
  <update id="update_euip_apply_info" parameterClass="com.gotop.euipApply.model.TApplyEuip" >
    <!--通过主键更新一条全部字段内容-->
    update T_APPLY_EUIP
    set 
      PHONE_NO = #phoneNo:VARCHAR#,
      EP_TITLE = #epTitle:VARCHAR#,
      EP_MATTER = #epMatter:VARCHAR#,
      EP_TYPE = #epType:VARCHAR#,
      EP_NUMBER = #epNumber:DECIMAL:-9999#,
      EP_BUDGET = #epBudget:DECIMAL:-9999#,
      EP_REASON = #epReason:VARCHAR#
    where EP_ID = #epId:DECIMAL#
  </update>
  <update id="update_euip_apply_info2" parameterClass="com.gotop.euipApply.model.TApplyEuip" >
    <!--通过主键更新部分字段，部分字段说明：当字段为null时不更新，当字段值为''空值是更新为空值-->
    update T_APPLY_EUIP
    <dynamic prepend="set" >
      <isNotNull prepend="," property="empId" >
        EMP_ID = #empId:DECIMAL:-9999#
      </isNotNull>
      <isNotNull prepend="," property="flowId" >
        FLOW_ID = #flowId:VARCHAR#
      </isNotNull>
      <isNotNull prepend="," property="phoneNo" >
        PHONE_NO = #phoneNo:VARCHAR#
      </isNotNull>
      <isNotNull prepend="," property="epTitle" >
        EP_TITLE = #epTitle:VARCHAR#
      </isNotNull>
      <isNotNull prepend="," property="epMatter" >
        EP_MATTER = #epMatter:VARCHAR#
      </isNotNull>
      <isNotNull prepend="," property="epType" >
        EP_TYPE = #epType:VARCHAR#
      </isNotNull>
      <isNotNull prepend="," property="epNumber" >
        EP_NUMBER = #epNumber:DECIMAL:-9999#
      </isNotNull>
      <isNotNull prepend="," property="epBudget" >
        EP_BUDGET = #epBudget:DECIMAL:-9999#
      </isNotNull>
      <isNotNull prepend="," property="epReason" >
        EP_REASON = #epReason:VARCHAR#
      </isNotNull>
      <isNotNull prepend="," property="createTime" >
        CREATE_TIME = #createTime:VARCHAR#
      </isNotNull>
      <isNotNull prepend="," property="createDate" >
        CREATE_DATE = #createDate:VARCHAR#
      </isNotNull>
    </dynamic>
    where EP_ID = #epId:DECIMAL#
  </update>

</sqlMap>